-- phpMyAdmin SQL Dump
-- version 5.2.1
-- https://www.phpmyadmin.net/
--
-- Host: 127.0.0.1
-- Generation Time: Jan 18, 2024 at 07:02 PM
-- Server version: 10.4.28-MariaDB
-- PHP Version: 8.2.4

SET SQL_MODE = "NO_AUTO_VALUE_ON_ZERO";
START TRANSACTION;
SET time_zone = "+00:00";


/*!40101 SET @OLD_CHARACTER_SET_CLIENT=@@CHARACTER_SET_CLIENT */;
/*!40101 SET @OLD_CHARACTER_SET_RESULTS=@@CHARACTER_SET_RESULTS */;
/*!40101 SET @OLD_COLLATION_CONNECTION=@@COLLATION_CONNECTION */;
/*!40101 SET NAMES utf8mb4 */;

--
-- Database: `bigdataproj`
--

-- --------------------------------------------------------

--
-- Table structure for table `crashesinplace`
--

CREATE TABLE `crashesinplace` (
  `location` varchar(50) NOT NULL,
  `crashesInPlace` int(11) NOT NULL
) ENGINE=InnoDB DEFAULT CHARSET=utf8mb4 COLLATE=utf8mb4_general_ci;

--
-- Dumping data for table `crashesinplace`
--

INSERT INTO `crashesinplace` (`location`, `crashesInPlace`) VALUES
('Italy', 16),
('Indiana', 5),
('Alaska', 26),
('Kosovo', 1),
('France', 17),
('United Arab Emirates', 3),
('California', 43),
('Thailand', 10),
('Russia', 25),
('Brazil', 12),
('Honduras', 2),
('Azores', 2),
('Canada', 13),
('Philippines', 16),
('Taiwan', 9),
('Algeria', 3),
('Nepal', 6),
('Aichi', 1),
('South Korea', 3),
('Bahrain', 1),
('570 miles northeast of Natal', 1),
('Germany', 4),
('Cuba', 4),
('Egypt', 6),
('Sudan', 3),
('Sri Lanka', 1),
('Cambodia', 2),
('Estonia', 1),
('Nebraska', 2),
('England', 7),
('Argentina', 2),
('Ethiopia', 3),
('Switzerland', 5),
('Venezuela', 8),
('Turkey', 8),
('Pennsylvania', 14),
('Missouri', 9),
('Iowa', 8),
('Wisconsin', 4),
('Illinois', 14),
('New York', 32),
('Maine', 3),
('Montana', 8),
('Washington', 11),
('Louisiana', 3),
('Utah', 9),
('Indonesia', 18),
('Greece', 5),
('Nova Scotia', 2),
('Portugal', 2),
('Maryland', 6),
('Antigua', 1),
('Tahiti', 1),
('Massachusett', 3),
('Guadeloupe', 1),
('off Kefallinia', 1),
('South Africa (Namibia)', 1),
('Orly', 1),
('Mt. Fuji', 1),
('French Alps', 1),
('Peru', 8),
('Horley', 1),
('Vietnam', 3),
('Colombia', 12),
('N of  Santander', 1),
('Colorado', 11),
('Bolivia', 2),
('Virginia', 11),
('Thiells', 1),
('Michigan', 10),
('Libya', 2),
('Canary Islands', 2),
('Virgin Islands', 3),
('China', 12),
('Kyrgyzstan', 1),
('D.C.', 2),
('Malta', 1),
('British Columbia', 8),
('India', 8),
('near Kampung Ladang', 1),
('Cameroon', 2),
('Nigeria', 7),
('Thiland', 1),
('Croatia', 1),
('Kenya', 3),
('110 miles West of Ireland', 1),
('Maharashtra', 3),
('Spain', 11),
('near Ueno Village', 1),
('Valle del Cauca', 1),
('Domincan Republic', 1),
('Comoros', 1),
('Manitoba', 1),
('Slovenia', 1),
('Mexico', 7),
('Minnesota', 6),
('Kentucky', 2),
('Chile', 4),
('New Zealand', 6),
('Alabama', 5),
('Nicaragua', 1),
('Costa Rica', 3),
('Scotland', 3),
('Wyoming', 8),
('Japan', 10),
('Mississippi', 1),
('New Jersey', 5),
('Oklahoma', 3),
('Ohio', 9),
('Idaho', 1),
('Alberta', 1),
('Quebec', 1),
('Florida', 12),
('Georgia', 6),
('Nevada', 5),
('New Hampshire', 2),
('Tennessee', 4),
('Texas', 13),
('Connecticut', 4),
('18 NNW of Benton Harbor', 1),
('Massachutes', 1),
('Puerto Rico', 5),
('325 miles east of Wake Island', 1),
('Zimbabwe', 1),
('near Ft. Collins', 1),
('Arizona', 3),
('116 miles WSW of Annette Island', 1),
('Vermont', 1),
('South Africa', 3),
('Macedonia', 2),
('Luxembourg', 1),
('Pakistan', 4),
('Ivory Coast', 2),
('Ghana', 1),
('Myanmar', 2),
('near Natanz', 1),
('Netherlands', 4),
('Mauritania', 1),
('Laos', 1),
('Hong Kong', 1),
('Guangxi', 2),
('Guatemala', 2),
('Bulgaria', 1),
('Saudi Arabia', 3),
('Ireland', 4),
('Senegal', 1),
('100 miles W of Galway Bay', 1),
('Guam', 3),
('Huanuco', 1),
('10 mile SE of Tell City', 1),
('Sweden', 2),
('New Mexico', 1),
('Los Angeles', 2),
('Algarve', 1),
('Surinam', 1),
('Newfoundland', 4),
('New Orleans', 1),
('New York (Idlewild)', 1),
('Barbados', 1),
('Sicily', 2),
('Guantanamo Bay', 1),
('North Carolina', 7),
('Hrvatska', 1),
('Covington/Hebron', 2),
('Czechoslovakia', 2),
('Uruguay', 1),
('Arkansas', 3),
('New Brunswick', 1),
('U.S. Samoa', 1),
('Aargau', 1),
('Ontario', 3),
('Kazakastan', 1),
('Yugoslavia', 1),
('Iran', 2),
('Kasakastan', 1),
('Uzbekistan', 2),
('Ecuador', 4),
('Ukraine', 2),
('WA', 1),
('Australia', 2),
('St. Barthélémy', 1),
('Norway', 4),
('Samoa', 1),
('Rhode Island', 1),
('Queens', 2),
('near Bandar Abbas', 1),
('Romania', 1),
('near Strasbourg', 1),
('Poland', 3),
('Azerbaijan', 1),
('Gabon', 1),
('Belgium', 2),
('Hawaii', 8),
('United Kingdom', 1),
('American Samoa', 1),
('Bali', 1),
('Guadaloupe', 1),
('Jeddah', 1),
('London', 1),
('near Chicago', 1),
('Benin', 1),
('near Covington', 1),
('Vizcaya', 1),
('Island of Madeira', 1),
('Nuevo Leon', 1),
('Miao-li', 1),
('Midway Airport', 1),
('San Vincente', 1),
('UAE', 1),
('Calilfornia', 1),
('Tunisia', 1),
('Indian Ocean', 1),
('Virginia.', 1),
('Massachusetts', 6),
('Madrid', 1),
('Austria', 1),
('Azores (Portugal)', 1),
('Morroco', 1),
('Afghanstan', 1),
('Tennesee', 3),
('off Pelee Island', 1),
('VIC', 1),
('Bahamas', 1),
('Jordan', 1),
('Denmark', 1),
('Cape Verde Islands', 1),
('Malaysia', 1),
('Washingon', 1),
('Cailifornia', 1),
('Aaland Island', 1),
('Finland', 1),
('South Carolina', 2),
('West Virginia', 5),
('Western Samoa', 1),
('near Santa Barbara', 1),
('Phillipines', 1),
('BC', 1),
('Oregon', 3),
('10 miles SW of Las Vegas', 1),
('Fiji', 1),
('GA', 1),
('Glen Falls', 1),
('Kansas', 1),
('Great Inagua', 1),
('Staines', 1),
('Sichuan', 1),
('Syria', 2),
('Haiti', 1),
('Liberia', 2),
('Philippine Sea', 1),
('Lombardia', 1),
('FL - Nassau', 1),
('Angola', 1),
('Arazona', 1),
('near Silver Plume', 1),
('Trinidad', 1),
('Niger', 1),
('Ross Ice Shelf', 1),
('Boston', 1),
('off Ustica', 1),
('Miami', 1),
('Zulia', 1),
('US Virgin Islands', 1),
('near Ajaccio', 1),
('Martinique', 1),
('Norfork', 1),
('Morrocco', 1),
('Siberia', 1),
('West Vlaanderen', 1),
('Loire', 1),
('Rhodesia (Zimbabwe)', 1),
('Colombia', 1),
('USSR', 1),
('Jiangsu', 1),
('Coloado', 1),
('French Polynesia', 1),
('Islay Island', 1),
('West Bengal', 1),
('Molokai', 1);

-- --------------------------------------------------------

--
-- Table structure for table `crashesinyear`
--

CREATE TABLE `crashesinyear` (
  `date` int(11) NOT NULL,
  `crashesInYear` int(11) NOT NULL
) ENGINE=InnoDB DEFAULT CHARSET=utf8mb4 COLLATE=utf8mb4_general_ci;

--
-- Dumping data for table `crashesinyear`
--

INSERT INTO `crashesinyear` (`date`, `crashesInYear`) VALUES
(2005, 14),
(1994, 21),
(1956, 10),
(1999, 28),
(2000, 25),
(1972, 17),
(1979, 12),
(1998, 20),
(2006, 11),
(2007, 10),
(2008, 9),
(2001, 25),
(1992, 16),
(2009, 6),
(1958, 9),
(1997, 25),
(1976, 10),
(1966, 18),
(1995, 19),
(2003, 20),
(1990, 14),
(1981, 6),
(2004, 18),
(1967, 18),
(1996, 20),
(1985, 16),
(1978, 11),
(1973, 15),
(1937, 6),
(1936, 5),
(1952, 7),
(1943, 6),
(1963, 17),
(1965, 18),
(1962, 17),
(1968, 17),
(1989, 21),
(1974, 11),
(1969, 14),
(2002, 24),
(1988, 18),
(1975, 5),
(1993, 15),
(1980, 7),
(1982, 12),
(1991, 13),
(1977, 7),
(1987, 12),
(1983, 11),
(1954, 8),
(1964, 14),
(1955, 11),
(1953, 11),
(1957, 10),
(1951, 12),
(1946, 13),
(1959, 17),
(1948, 7),
(1947, 11),
(1960, 17),
(1939, 2),
(1944, 4),
(1941, 5),
(1961, 14),
(1942, 6),
(1945, 9),
(1940, 3),
(1949, 6),
(1950, 7),
(1938, 6),
(1984, 5),
(1930, 1),
(1971, 12),
(1970, 13),
(1934, 1),
(1935, 3),
(1986, 9),
(1931, 1);

-- --------------------------------------------------------

--
-- Table structure for table `failurerate`
--

CREATE TABLE `failurerate` (
  `type` varchar(50) NOT NULL,
  `failureRate` int(11) NOT NULL
) ENGINE=InnoDB DEFAULT CHARSET=utf8mb4 COLLATE=utf8mb4_general_ci;

--
-- Dumping data for table `failurerate`
--

INSERT INTO `failurerate` (`type`, `failureRate`) VALUES
('ATR-72-202', 1),
('ATR-72-212', 1),
('Aero Commander  520', 1),
('Aerospatiale Alenia ATR-42', 1),
('Aerospatiale BAe Concorde 101', 1),
('Aerospatiale Caravelle Super 10B', 1),
('Aerospatiale Nord 262A-33', 1),
('Airbus A-310-204', 1),
('Airbus A-310-324ET', 1),
('Airbus A-320-233', 2),
('Airbus A-330-243', 1),
('Airbus A-340', 1),
('Airbus A.320-214', 1),
('Airbus A300-622R', 1),
('Airbus A300B2-1C', 1),
('Airbus A300B4-203', 1),
('Airbus A300B4-622R', 2),
('Airbus A310-304', 2),
('Airbus A320-211', 2),
('Airbus A320-212', 1),
('Airbus A330-203', 1),
('Airspeed Ambassador A5-57', 1),
('Antonov AN-24', 1),
('Antonov AN-24 / Yakovlev Yak-40', 1),
('Antonov AN-24B', 3),
('Antonov AN-24RV', 2),
('Antonov AN-24V', 1),
('Antonov AN-28', 1),
('BAC One-Eleven 203AE', 1),
('BAC One-Eleven 528FL', 1),
('BAC One-Eleven 529FR', 1),
('BAC Super VC-10 1154', 1),
('BAE Avro RJ100', 1),
('BAe 3101 Jetstream 31', 1),
('BAe Avro RJ-100', 1),
('BAe Jetstream 3101-31', 1),
('Bae Jetstream 3201', 1),
('Beech A36', 1),
('Beechcraft 18H', 1),
('Beechcraft 1900-C / Beech King Air A90', 1),
('Beechcraft 1900C', 3),
('Beechcraft 1900C-1', 1),
('Beechcraft 99', 4),
('Beechcraft E18S', 2),
('Boeing 247B', 1),
('Boeing 247D', 2),
('Boeing 377 Stratocruiser', 1),
('Boeing 737-230', 1),
('Boeing 737-31S', 1),
('Boeing 747-244B-SF', 1),
('Boeing 767-223ER', 1),
('Boeing B-314 (flying boat)', 1),
('Boeing B-707-121', 1),
('Boeing B-707-121B', 1),
('Boeing B-707-123B', 1),
('Boeing B-707-124', 2),
('Boeing B-707-321B', 5),
('Boeing B-707-321C', 2),
('Boeing B-707-328C', 1),
('Boeing B-707-331B', 3),
('Boeing B-707-344C', 1),
('Boeing B-707-345C', 1),
('Boeing B-707-436', 1),
('Boeing B-707-437', 1),
('Boeing B-707-441', 1),
('Boeing B-727-113C', 1),
('Boeing B-727-121C', 1),
('Boeing B-727-134', 1),
('Boeing B-727-21', 2),
('Boeing B-727-224', 3),
('Boeing B-727-225 Adv', 1),
('Boeing B-727-22QC', 1),
('Boeing B-727-231', 2),
('Boeing B-727-251', 1),
('Boeing B-727-251 / MD Douglas DC-9-14', 1),
('Boeing B-727-2L5 / MiG23UB', 1),
('Boeing B-727-46', 1),
('Boeing B-727-64', 2),
('Boeing B-727-81', 2),
('Boeing B-727-95', 1),
('Boeing B-737-209', 1),
('Boeing B-737-219', 1),
('Boeing B-737-222', 4),
('Boeing B-737-230A', 1),
('Boeing B-737-236', 1),
('Boeing B-737-241', 1),
('Boeing B-737-244', 1),
('Boeing B-737-266', 1),
('Boeing B-737-275', 1),
('Boeing B-737-291', 1),
('Boeing B-737-2A8', 3),
('Boeing B-737-2H6', 2),
('Boeing B-737-2K9', 1),
('Boeing B-737-2L9', 1),
('Boeing B-737-2P5', 1),
('Boeing B-737-2T4', 1),
('Boeing B-737-497', 1),
('Boeing B-737-4D7', 1),
('Boeing B-737-4Q8', 1),
('Boeing B-737-4Y0', 2),
('Boeing B-737-505', 1),
('Boeing B-737-7H4', 1),
('Boeing B-737-8EH /EMB-135JB', 1),
('Boeing B-737-T43', 1),
('Boeing B-747', 1),
('Boeing B-747-121 / Boeing B-747-206B', 1),
('Boeing B-747-130', 1),
('Boeing B-747-168B / Ilyushin IL-76TD', 1),
('Boeing B-747-209B', 1),
('Boeing B-747-237B', 2),
('Boeing B-747-283B', 1),
('Boeing B-747-412', 1),
('Boeing B-747-SP-09', 1),
('Boeing B-747-SR46', 1),
('Boeing B-757-223', 2),
('Boeing B-757-225', 1),
('Boeing B-767-200ER', 2),
('Boeing B-767-233ER', 1),
('Boeing Vetrol 107 II helicopter', 1),
('Bristol Britannia 102', 1),
('British Aerospace  BAe Jetstream 32EP', 1),
('British Aerospace 3101 Jetstream 31', 1),
('British Aerospace BAe-125-800A', 1),
('British Aerospace BAe-146-200A', 1),
('British Aerospace Jetstream BA-3100', 1),
('Britten-Norman BN-2A-8 Islander', 1),
('Canadair CL-601-2A12 Challenger', 1),
('Canadair CRJ-100ER', 1),
('Canadair CRJ-200ER', 1),
('Casa 212-AB10 Aviocar', 1),
('Cessna 207 Skywagon', 1),
('Cessna 208B', 1),
('Cessna 208B Caravan I', 3),
('Cessna 208B Caravan I Super Cargomaster', 5),
('Cessna 208B Cargomaster I', 1),
('Cessna 208B Grand Caravan', 4),
('Cessna 208B Grand Caravan I', 1),
('Cessna 404 Titan Ambassador', 1),
('Convair CV-240', 2),
('Convair CV-240-0', 5),
('Convair CV-440-0', 1),
('Convair CV-580', 7),
('Convair CV-580/De Hav. Twin Otter 100', 1),
('Convair CV-880-22M-3', 1),
('Curtiss C-46', 3),
('Curtiss C-46A-50-CU', 1),
('De Havilland Dash-3', 1),
('Dornier 228-201', 2),
('Dornier 328-110', 1),
('Douglas C-47-DL', 1),
('Douglas C-47A-DL', 1),
('Douglas C-54A', 3),
('Douglas C-54A-DC', 1),
('Douglas C-54B', 3),
('Douglas C-54B-10-DO', 1),
('Douglas C-54B-15-DO', 1),
('Douglas DC-2', 1),
('Douglas DC-2-112', 6),
('Douglas DC-3', 53),
('Douglas DC-3 ( C-53D-DO)', 1),
('Douglas DC-3 (C-47-A5-DL)', 1),
('Douglas DC-3 (C-53D-DO)', 1),
('Douglas DC-3 -201D/ F-6-F- 5 Hellcat', 1),
('Douglas DC-3-194H', 1),
('Douglas DC-3-201E', 1),
('Douglas DC-3-313A', 1),
('Douglas DC-3A', 5),
('Douglas DC-3C', 2),
('Douglas DC-3C (C47A-DL)', 1),
('Douglas DC-4', 8),
('Douglas DC-4  (C-54-10-DO)', 1),
('Douglas DC-4 (C-54G-1-DO)', 1),
('Douglas DC-4 /Beechcraft SMB-1', 1),
('Douglas DC-4-1009', 2),
('Douglas DC-4A', 1),
('Douglas DC-6', 5),
('Douglas DC-6-54B', 1),
('Douglas DC-6A', 4),
('Douglas DC-6B', 11),
('Douglas DC-7 / Lockheed S Constellation', 1),
('Douglas DC-7B', 3),
('Douglas DC-7CF', 1),
('Douglas DST-A-207A', 2),
('Embraer 110 Bandeirante', 1),
('Embraer 110 P1 Bandeirante', 1),
('Embraer 110P1 Bandeirante', 5),
('Embraer 120ER Brasilia', 1),
('Embraer 120RT Brasilia', 2),
('Embraer 120RT- Brasilia', 1),
('Embraer EMB-120 Brasilia', 1),
('Fairchild F-27', 2),
('Fairchild F-27A', 2),
('Fairchild F-27B', 2),
('Fairchild-Hiller FH-227-B', 1),
('Fairchild-Hiller FH-227B', 3),
('Fairchild-Hiller FH227C', 1),
('Fokker 100', 4),
('Fokker 50', 2),
('Fokker F-27 Friendship 100', 2),
('Fokker F-27 Friendship 200', 2),
('Fokker F-27 Friendship 400M', 1),
('Fokker F-27 Friendship 600', 4),
('Fokker F-28 Fellowship 1000', 3),
('Fokker F-28 Fellowship 4000', 2),
('Fokker F27 Friendship 100', 1),
('Ford 5-AT-C Tri Motor', 1),
('Grumman G-159 Gulfstream I', 2),
('Grumman G73T Turbo Mallard', 1),
('Hadley Page 137Jetstream I / Cessna 206', 1),
('Handley Page HP-81 Hermes IV', 1),
('Harbin Yunshuji Y-12-II', 1),
('Hawker Siddeley HS-121 Trident 2E', 1),
('Hawker Siddeley HS-748-501 Super 2B', 1),
('Hawker Siddeley HS-748-FAA', 1),
('Hawker Siddeley Trident 2E', 1),
('Ilyushin 18V', 1),
('Ilyushin IL- 76TD', 1),
('LET 410UVP', 1),
('LET 410UVP-E', 1),
('Learjet 24D', 1),
('Learjet 25B', 1),
('Lockheed 049 Constellation', 4),
('Lockheed 1011-200 TriStar', 1),
('Lockheed 1049C Super Constellation', 1),
('Lockheed 1049C-55-81 S Constellation', 1),
('Lockheed 1049G Super Constellation', 1),
('Lockheed 1049H Super Constellation', 4),
('Lockheed 14-H Super Electra', 1),
('Lockheed 14H Super Electra', 1),
('Lockheed 188A Electra', 4),
('Lockheed 188C Electra', 2),
('Lockheed 749A Constellation', 3),
('Lockheed 749C-79-12 Constellation', 1),
('Lockheed L-049-46 Constellation', 1),
('Lockheed L-100-30 Hercules', 2),
('Lockheed L-1011 TriStar1', 1),
('Lockheed L-188A Electra', 1),
('Lockheed L-188C Electra', 2),
('Lockheed L188A Electra', 1),
('MD Douglas DC-9-31/Piper Cherokee PA-28', 1),
('MD-87 / Cessna 525A Citation II', 1),
('MDonnell Douglas MD-81', 1),
('Martin 202', 6),
('Martin 404', 5),
('Martin M-130 (flying boat)', 3),
('McDonnell Douglas DC-10-10', 6),
('McDonnell Douglas DC-10-30', 6),
('McDonnell Douglas DC-10-30CF', 3),
('McDonnell Douglas DC-8 Super 62', 1),
('McDonnell Douglas DC-8 Super 63PF', 1),
('McDonnell Douglas DC-8-12', 1),
('McDonnell Douglas DC-8-21', 2),
('McDonnell Douglas DC-8-43', 4),
('McDonnell Douglas DC-8-51', 1),
('McDonnell Douglas DC-8-61', 3),
('McDonnell Douglas DC-8-61F', 1),
('McDonnell Douglas DC-8-62', 3),
('McDonnell Douglas DC-8-63', 1),
('McDonnell Douglas DC-8-63AF', 1),
('McDonnell Douglas DC-8-63CF', 2),
('McDonnell Douglas DC-8-71F', 1),
('McDonnell Douglas DC-8F-54F', 1),
('McDonnell Douglas DC-9-14', 5),
('McDonnell Douglas DC-9-15RC', 1),
('McDonnell Douglas DC-9-31', 6),
('McDonnell Douglas DC-9-31 / Trident 3B', 1),
('McDonnell Douglas DC-9-32', 12),
('McDonnell Douglas MD-11', 4),
('McDonnell Douglas MD-82', 8),
('McDonnell Douglas MD-88', 1),
('McDonnell Douglas MD-90-30', 1),
('McDonnell-Douglas MD-82', 1),
('Mitsubishi MU-2B-60', 1),
('NAMC YS-11A-227', 1),
('NAMC-YS-11-111', 1),
('Piper PA-31-350', 2),
('Piper PA-31-350 Navajo', 4),
('Piper PA-31-350 Navajo Chieftain', 4),
('Saab 340B', 2),
('Saab340B', 1),
('Sikorsky S-42 (flying boat)', 2),
('Stinson  SM-6000B', 1),
('Sud Aviation Caravelle 1', 1),
('Sud-Aviation Caravelle 10-R', 1),
('Sud-Aviation Caravelle III', 2),
('Sud-Aviation Caravelle VI-R', 1),
('Swear. SA-227CC Metro 23/Piper Navajo', 1),
('Swearingen SA-226AT Merlin IV', 1),
('Swearingen SA-226T Metro II', 1),
('Swearingen SA-226TC / Mooney M-20C', 1),
('Swearingen SA227-AC', 1),
('Swearingen SA227AT Merlin IVC', 1),
('Tupolev 134A-3', 1),
('Tupolev 154B-2', 1),
('Tupolev TU-104A', 1),
('Tupolev TU-134A', 3),
('Tupolev TU-154', 3),
('Tupolev TU-154B', 3),
('Tupolev TU-154B-2', 1),
('Tupolev TU-154M', 5),
('Tupolev Tu-154M', 2),
('Vickers 813 Viscount', 1),
('Vickers Viscount 701C', 1),
('Vickers Viscount 708', 1),
('Vickers Viscount 720', 1),
('Vickers Viscount 745D', 5),
('Vickers Viscount 755D', 1),
('Vickers Viscount 785D', 2),
('Vickers Viscount 818', 1),
('Vickers Viscount 832', 1),
('Vickers Viscount 837', 1),
('Yakovlev 42D', 1),
('Yakovlev YAK-40', 3),
('Yakovlev YAK-42', 2),
('Yakovlev YAK-42D', 3),
('Zeppelin LZ-129', 1),
('de Havilland Canada DHC-6 Twin Otter', 1),
('de Havilland Canada DHC-6 Twin Otter 100', 1),
('de Havilland Canada DHC-6 Twin Otter 300', 13),
('de Havilland Canada DHC-8-103', 1),
('de Havilland Canada DHC-8-301', 1),
('de Havilland Comet 4B', 1),
('de Havilland DH106 Comet 1', 3),
('de Havilland DHC -6-100', 1),
('de Havilland DHC-6 Twin Otter 300', 2),
('ATR-42-300', 1),
('Aerospatiale ATR-42-512', 1),
('Airbus A-300-605R', 1),
('Airbus A-310-324', 1),
('Airbus A300-B4-200', 1),
('Airbus A300B2-203', 1),
('Airbus A310-324', 1),
('Airbus A320-111', 2),
('Airbus A320-214', 1),
('Airbus A320-231', 1),
('Airbus A330-321', 1),
('AirbusA310-304', 1),
('Antonov 2TP', 1),
('Antonov AN-140', 1),
('Antonov AN-140-100', 1),
('Antonov AN-26', 1),
('Antonov AN-32', 1),
('Antonov An-124', 1),
('BAC One Eleven 204AF', 1),
('BAC One-Eleven 525FT', 1),
('BAC VC-10-1101', 1),
('BAe 146-200', 1),
('BAe HS-748-232 Srs 2A', 1),
('Beech BE-1900D', 1),
('Beech D18S', 1),
('Beech Queen Air 65-A80', 1),
('Beechcraft 1900D', 1),
('Beechcraft 1900D / Cessna 177', 1),
('Beechcraft 99A', 1),
('Beechcraft B-99', 1),
('Beechcraft BE-99-C99', 1),
('Beechcraft Bonanza 35', 1),
('Beechcraft C99', 1),
('Beechcraft C99 / Rockwell 112TC', 1),
('Beechcraft H18', 1),
('Beechcraft King Air A100', 1),
('Bell BHT-206-B Helicopter', 1),
('Boeing - 377-10-29 Stratocruiser', 1),
('Boeing 247-D', 1),
('Boeing 377 Stratocruiser 10-30', 1),
('Boeing 377-10-26 Stratocruiser', 1),
('Boeing 727-243F', 1),
('Boeing 737-2B7', 1),
('Boeing 737-2D6C', 1),
('Boeing 737-2J8C', 1),
('Boeing 737-4Q8', 1),
('Boeing 737-8F2', 1),
('Boeing 747-2B5F', 1),
('Boeing B-707 (E-3B)', 1),
('Boeing B-707-131', 1),
('Boeing B-707-131B / L1049C Constellation', 1),
('Boeing B-707-320', 1),
('Boeing B-707-323 / Cessna 150', 1),
('Boeing B-707-328', 1),
('Boeing B-707-331', 1),
('Boeing B-707-338C', 1),
('Boeing B-707-340C', 1),
('Boeing B-707-366C', 1),
('Boeing B-707-465', 1),
('Boeing B-720-040B', 1),
('Boeing B-720-047B', 1),
('Boeing B-720-051B', 1),
('Boeing B-720B-023B', 1),
('Boeing B-727-193', 1),
('Boeing B-727-200 / DC9-32', 1),
('Boeing B-727-212A', 1),
('Boeing B-727-214 / Cessna 172', 1),
('Boeing B-727-22', 2),
('Boeing B-727-22 / Cessna 310', 1),
('Boeing B-727-223', 1),
('Boeing B-727-225', 1),
('Boeing B-727-23', 1),
('Boeing B-727-230', 1),
('Boeing B-727-232 Adv', 1),
('Boeing B-727-235', 2),
('Boeing B-727-256', 1),
('Boeing B-727-264', 1),
('Boeing B-727-281 / Air Force F86F', 1),
('Boeing B-727-282', 1),
('Boeing B-727-2A7', 1),
('Boeing B-727-92C', 1),
('Boeing B-737-200', 1),
('Boeing B-737-204C', 1),
('Boeing B-737-230', 1),
('Boeing B-737-247 / Boeing B-757-21B', 1),
('Boeing B-737-297', 1),
('Boeing B-737-2A8 Advanced', 1),
('Boeing B-737-2C3', 1),
('Boeing B-737-2F9', 1),
('Boeing B-737-2H4', 1),
('Boeing B-737-2P6', 1),
('Boeing B-737-300', 1),
('Boeing B-737-300 / Swearingen SA-227AC', 1),
('Boeing B-737-31B', 1),
('Boeing B-737-3B7', 1),
('Boeing B-737-3Q8', 2),
('Boeing B-737-3T5', 1),
('Boeing B-737-3Y0', 1),
('Boeing B-737-401', 1),
('Boeing B-737-566', 1),
('Boeing B-737-5L9', 1),
('Boeing B-747-121', 2),
('Boeing B-747-121A', 1),
('Boeing B-747-122', 2),
('Boeing B-747-131', 1),
('Boeing B-747-131F', 1),
('Boeing B-747-230B', 1),
('Boeing B-747-244B', 1),
('Boeing B-747-258F', 1),
('Boeing B-747-2R7F', 1),
('Boeing B-747-300', 1),
('Boeing B-757-200', 1),
('Boeing B-757-222', 1),
('Boeing B-767-222', 1),
('Boeing B-767-366ER', 1),
('Boeing B-767-3Z9ER', 1),
('Bombardier DHC-8-402 Q400', 1),
('Bristol 170 Freighter', 1),
('Bristol Britannia 312', 1),
('Bristol Britannia 314', 1),
('British Aerospace 146-300', 1),
('British Aerospace APT', 1),
('British Aerospace ATP', 1),
('British Aerospace BAe-146-100', 1),
('British Aerospace Jetstream 3201', 1),
('British Aerospace Jetstream 4101', 1),
('CASA  CN-235-200', 1),
('CASA 212', 1),
('CASA 212 Aviocar 200', 3),
('CASA 212-200 Aviocar', 1),
('CASA 212-CC', 1),
('Canadair CRJ200LR RegionalJet', 1),
('Canadair DC-4M-2 Northstar', 1),
('Cessna 172H', 1),
('Cessna 208 Caravan', 1),
('Cessna 208A Caravan I Cargomaster', 1),
('Cessna 402', 1),
('Cessna 402B', 1),
('Cessna P210N', 1),
('Convair 600', 1),
('Convair CV-240-2', 1),
('Convair CV-340', 1),
('Convair CV-340-32', 1),
('Convair CV-340/440', 1),
('Convair CV-380', 1),
('Convair CV-440', 1),
('Convair CV-580F', 1),
('Convair CV-640', 1),
('Convair CV-880 / McDonnell DC-9-31', 1),
('Convair CV-880-22-1', 1),
('Convair CV-880-22M-21', 1),
('Convair CV-990-30A-6', 1),
('Curtiss C 46F-CU', 1),
('Curtiss C-46E-1-CS', 1),
('Curtiss C-46F-1CU', 1),
('Dornier 228-212', 1),
('Dornier DO-228-212', 1),
('Douglas C-47', 2),
('Douglas C-47A-80-DL', 1),
('Douglas C-53-DO (DC-3A)', 1),
('Douglas C-53D-DO (DC-3)', 1),
('Douglas C-54', 1),
('Douglas C-54B / P-38', 1),
('Douglas DC 3-A-SB-3-G-14', 1),
('Douglas DC-2-120', 1),
('Douglas DC-3 (C-50A-DO)', 1),
('Douglas DC-3 / Boeing B-34', 1),
('Douglas DC-3-201C /  Army A-26', 1),
('Douglas DC-3-201F', 1),
('Douglas DC-3-227B', 1),
('Douglas DC-3-3', 1),
('Douglas DC-3-A-269', 1),
('Douglas DC-3D', 1),
('Douglas DC-4 (C-54-DO)', 1),
('Douglas DC-6AB', 1),
('Douglas DC-7', 1),
('Douglas DC-7 / F-100F', 1),
('Douglas DC-7C', 2),
('Douglas DC3-G102', 1),
('Douglas DC9-15F', 1),
('Embraer 120-RT Brasilia', 1),
('Fairchild F-27J', 1),
('Fairchild FH-227B', 2),
('Fokker 28 Fellowship 1000', 1),
('Fokker F-50', 1),
('Fokker F10A Trimotor', 1),
('GAF Nomad N24A', 1),
('Gates Learjet 23', 1),
('Grummand Gulfstream III', 1),
('Handley Page HPR-7 Herald 211', 1),
('Hawker Siddeley HS-748-2', 1),
('Hawker Siddeley HS-748-234 Srs. 2A', 1),
('Hawker Siddeley Trident 1C', 1),
('Ilyushin IL-18', 2),
('Ilyushin IL-18B', 1),
('Ilyushin IL-18D', 2),
('Ilyushin IL-18V', 1),
('Ilyushin IL-62', 2),
('Ilyushin IL-62M', 1),
('Ilyushin P-14', 1),
('Let 410UVP-E20', 1),
('Let 420UVP-E', 1),
('Let L410UVP-E20', 1),
('Lockheed  188A Electra', 1),
('Lockheed 049 Consellation', 1),
('Lockheed 049-46-21 Constellation', 1),
('Lockheed 1649A Starliner', 2),
('Lockheed 18 Loadstar', 1),
('Lockheed 18 Lodestar', 1),
('Lockheed 188C  Electra', 1),
('Lockheed 749 Constellation', 1),
('Lockheed 749-79-34 Constellation', 1),
('Lockheed 749A-79-32 Constellation', 1),
('Lockheed C-69 Constellation', 2),
('Lockheed L-1011', 2),
('Lockheed L-1011-1 TriStar', 1),
('Lockheed L-1049H Super Constellation', 1),
('Lockheed MC-130H Hercules', 1),
('Lockheed Martin L-100-30 Hercules', 1),
('MD DC-8-11 / Lockheed  1049 S Const', 1),
('MD Douglas DC-9-15 / Beechcraft Baron-55', 1),
('MD Douglas DC-9-32 / Piper PA-28-181', 1),
('MD Douglas DC-9-32/Convair CV-990A', 1),
('MH-47 Chinook helicopter', 1),
('McDonnell DC-9-32', 1),
('McDonnell Douglas DC-8 Super 61', 1),
('McDonnell Douglas DC-8-33', 1),
('McDonnell Douglas DC-8-53', 2),
('McDonnell Douglas DC-8-54F37', 1),
('McDonnell Douglas DC-8-63F', 2),
('McDonnell Douglas DC-8F-55', 1),
('McDonnell Douglas DC-9-15', 1),
('McDonnell Douglas DC-9-30', 1),
('McDonnell Douglas DC-9-31 / F4-B', 1),
('McDonnell Douglas DC-9-33CF', 1),
('McDonnell Douglas MD-81', 1),
('McDonnell Douglas MD-83', 2),
('Nord 262', 1),
('Pilatus PC-6', 1),
('Piper PA-24-250 Comanche', 1),
('Piper PA-32-R301 Saratoga II HP', 1),
('Shorts 330-200', 1),
('Shorts 360-100', 1),
('Sikorsky S-42B (flying boat)', 1),
('Sikorsky S-43 (flying boat)', 1),
('Sikorsky S-76A', 1),
('Sirkorsky 44A (flying boat)', 1),
('Stinson Model A', 1),
('Sud Aviation SE-210 Caravelle VIR', 1),
('Sud-Aviation Caravelle 3', 1),
('Swearingen 226TC Metro II', 1),
('Swearingen SA-226TC Metroliner II', 1),
('Swearingen SA.227AC Metro', 1),
('Swearingen SA.227AC Metro III', 2),
('Tupelov 134AK', 1),
('Tupolev TU-104B', 1),
('Tupolev TU-134', 1),
('Tupolev TU-134A / Tupolev Tu-134A', 1),
('Tupolev TU-154M / Boeing B-757-23APF', 1),
('Vickers 952F Vanguard', 1),
('Vickers Vanguard 951', 1),
('Vickers Viscount', 1),
('Vickers Viscount 724', 1),
('Vickers Viscount 739B', 1),
('Vickers Viscount 745D / T-33A', 1),
('Vickers Viscount 754D', 1),
('Vickers Viscount 782D', 1),
('Vickers Viscount 803', 1),
('Vickers Viscount 812', 1),
('Xian Yunshuji Y-7-100C', 1),
('de Hav Can. DHC-6 Tw Otter 100/ Cessna', 1),
('de Havilland Can. DHC-6 -300/ Bell 206B', 1),
('de Havilland Canada DHC-6 Twin Otter 200', 2),
('de Havilland Canada DHC-8-102', 1),
('de Havilland Comet 4C', 2),
('de Havilland DH-114 Heron', 1),
('de Havilland DH-114 Heron 2B', 1),
('de Havilland DHC-6-200', 1),
('de Havilland Dash-2 Beaver', 1);

-- --------------------------------------------------------

--
-- Table structure for table `output`
--

CREATE TABLE `output` (
  `ID` int(11) NOT NULL,
  `date` int(11) NOT NULL,
  `crashesInYear` int(11) NOT NULL,
  `location` varchar(50) NOT NULL,
  `crashesInPlace` int(11) NOT NULL,
  `type` varchar(50) NOT NULL,
  `failureRate` int(11) NOT NULL
) ENGINE=InnoDB DEFAULT CHARSET=utf8mb4 COLLATE=utf8mb4_general_ci;

--
-- Dumping data for table `output`
--

INSERT INTO `output` (`ID`, `date`, `crashesInYear`, `location`, `crashesInPlace`, `type`, `failureRate`) VALUES
(1, 2005, 14, 'Italy', 16, 'ATR-72-202', 1),
(2, 1994, 21, 'Indiana', 5, 'ATR-72-212', 1),
(3, 1956, 10, 'Alaska', 26, 'Aero Commander  520', 1),
(4, 1999, 28, 'Kosovo', 1, 'Aerospatiale Alenia ATR-42', 1),
(5, 2000, 25, 'France', 17, 'Aerospatiale BAe Concorde 101', 1),
(6, 1972, 17, 'United Arab Emirates', 3, 'Aerospatiale Caravelle Super 10B', 1),
(7, 1979, 12, 'California', 43, 'Aerospatiale Nord 262A-33', 1),
(8, 1998, 20, 'Thailand', 10, 'Airbus A-310-204', 1),
(9, 2006, 11, 'Russia', 25, 'Airbus A-310-324ET', 1),
(10, 2007, 10, 'Brazil', 12, 'Airbus A-320-233', 2),
(11, 2008, 9, 'Honduras', 2, 'Airbus A-320-233', 2),
(12, 2001, 25, 'Azores', 2, 'Airbus A-330-243', 1),
(13, 2005, 14, 'Canada', 13, 'Airbus A-340', 1),
(14, 1998, 20, 'Philippines', 16, 'Airbus A.320-214', 1),
(15, 1998, 20, 'Taiwan', 9, 'Airbus A300-622R', 1),
(16, 1994, 21, 'Algeria', 3, 'Airbus A300B2-1C', 1),
(17, 1992, 16, 'Nepal', 6, 'Airbus A300B4-203', 1),
(18, 1994, 21, 'Aichi', 1, 'Airbus A300B4-622R', 2),
(19, 1994, 21, 'South Korea', 3, 'Airbus A300B4-622R', 2),
(20, 1992, 16, 'Nepal', 6, 'Airbus A310-304', 2),
(21, 1994, 21, 'Russia', 25, 'Airbus A310-304', 2),
(22, 2006, 11, 'Russia', 25, 'Airbus A320-211', 2),
(23, 2000, 25, 'Bahrain', 1, 'Airbus A320-212', 1),
(24, 2009, 6, '570 miles northeast of Natal', 1, 'Airbus A330-203', 1),
(25, 1958, 9, 'Germany', 4, 'Airspeed Ambassador A5-57', 1),
(26, 1997, 25, 'Cuba', 4, 'Antonov AN-24', 1),
(27, 1976, 10, 'Russia', 25, 'Antonov AN-24 / Yakovlev Yak-40', 1),
(28, 1966, 18, 'Egypt', 6, 'Antonov AN-24B', 3),
(29, 1995, 19, 'Italy', 16, 'Antonov AN-24B', 3),
(30, 2005, 14, 'Sudan', 3, 'Antonov AN-24B', 3),
(31, 1998, 20, 'Sri Lanka', 1, 'Antonov AN-24RV', 2),
(32, 2007, 10, 'Cambodia', 2, 'Antonov AN-24V', 1),
(33, 2003, 20, 'Estonia', 1, 'Antonov AN-28', 1),
(34, 1966, 18, 'Nebraska', 2, 'BAC One-Eleven 203AE', 1),
(35, 1990, 14, 'England', 7, 'BAC One-Eleven 528FL', 1),
(36, 1981, 6, 'Argentina', 2, 'BAC One-Eleven 529FR', 1),
(37, 1972, 17, 'Ethiopia', 3, 'BAC Super VC-10 1154', 1),
(38, 2001, 25, 'Switzerland', 5, 'BAE Avro RJ100', 1),
(39, 2004, 18, 'Venezuela', 8, 'BAe 3101 Jetstream 31', 1),
(40, 2003, 20, 'Turkey', 8, 'BAe Avro RJ-100', 1),
(41, 2000, 25, 'Pennsylvania', 14, 'BAe Jetstream 3101-31', 1),
(42, 2004, 18, 'Missouri', 9, 'Bae Jetstream 3201', 1),
(43, 2003, 20, 'Iowa', 8, 'Beech A36', 1),
(44, 1967, 18, 'Wisconsin', 4, 'Beechcraft 18H', 1),
(45, 1996, 20, 'Illinois', 14, 'Beechcraft 1900-C / Beech King Air A90', 1),
(46, 1992, 16, 'New York', 32, 'Beechcraft 1900C', 3),
(47, 1990, 14, 'Philippines', 16, 'Beechcraft 1900C-1', 1),
(48, 1985, 16, 'Maine', 3, 'Beechcraft 99', 4),
(49, 2004, 18, 'Montana', 8, 'Beechcraft 99', 4),
(50, 1978, 11, 'Washington', 11, 'Beechcraft 99', 4),
(51, 1973, 15, 'Louisiana', 3, 'Beechcraft E18S', 2),
(52, 1937, 6, 'California', 43, 'Boeing 247B', 1),
(53, 1936, 5, 'Utah', 9, 'Boeing 247D', 2),
(54, 1952, 7, 'Brazil', 12, 'Boeing 377 Stratocruiser', 1),
(55, 2005, 14, 'Indonesia', 18, 'Boeing 737-230', 1),
(56, 2005, 14, 'Greece', 5, 'Boeing 737-31S', 1),
(57, 2004, 18, 'Nova Scotia', 2, 'Boeing 747-244B-SF', 1),
(58, 2001, 25, 'New York', 32, 'Boeing 767-223ER', 1),
(59, 1943, 6, 'Portugal', 2, 'Boeing B-314 (flying boat)', 1),
(60, 1963, 17, 'Maryland', 6, 'Boeing B-707-121', 1),
(61, 1965, 18, 'Antigua', 1, 'Boeing B-707-121B', 1),
(62, 1962, 17, 'New York', 32, 'Boeing B-707-123B', 1),
(63, 1965, 18, 'Missouri', 9, 'Boeing B-707-124', 2),
(64, 1973, 15, 'Tahiti', 1, 'Boeing B-707-321B', 5),
(65, 1973, 15, 'Massachusett', 3, 'Boeing B-707-321C', 2),
(66, 1968, 17, 'Guadeloupe', 1, 'Boeing B-707-328C', 1),
(67, 1989, 21, 'Azores', 2, 'Boeing B-707-331B', 3),
(68, 1973, 15, 'California', 43, 'Boeing B-707-331B', 3),
(69, 1974, 11, 'off Kefallinia', 1, 'Boeing B-707-331B', 3),
(70, 1968, 17, 'South Africa (Namibia)', 1, 'Boeing B-707-344C', 1),
(71, 1973, 15, 'Orly', 1, 'Boeing B-707-345C', 1),
(72, 1966, 18, 'Mt. Fuji', 1, 'Boeing B-707-436', 1),
(73, 1966, 18, 'French Alps', 1, 'Boeing B-707-437', 1),
(74, 1962, 17, 'Peru', 8, 'Boeing B-707-441', 1),
(75, 1969, 14, 'Horley', 1, 'Boeing B-727-113C', 1),
(76, 1974, 11, 'Vietnam', 3, 'Boeing B-727-121C', 1),
(77, 2002, 24, 'Colombia', 12, 'Boeing B-727-134', 1),
(78, 1988, 18, 'N of  Santander', 1, 'Boeing B-727-21', 2),
(79, 1975, 5, 'Colorado', 11, 'Boeing B-727-224', 3),
(80, 1973, 15, 'Egypt', 6, 'Boeing B-727-224', 3),
(81, 1985, 16, 'Bolivia', 2, 'Boeing B-727-225 Adv', 1),
(82, 1969, 14, 'California', 43, 'Boeing B-727-22QC', 1),
(83, 1974, 11, 'Virginia', 11, 'Boeing B-727-231', 2),
(84, 1974, 11, 'Thiells', 1, 'Boeing B-727-251', 1),
(85, 1990, 14, 'Michigan', 10, 'Boeing B-727-251 / MD Douglas DC-9-14', 1),
(86, 1992, 16, 'Libya', 2, 'Boeing B-727-2L5 / MiG23UB', 1),
(87, 1993, 15, 'Colombia', 12, 'Boeing B-727-46', 1),
(88, 1980, 7, 'Canary Islands', 2, 'Boeing B-727-64', 2),
(89, 1976, 10, 'Alaska', 26, 'Boeing B-727-81', 2),
(90, 1976, 10, 'Virgin Islands', 3, 'Boeing B-727-95', 1),
(91, 1989, 21, 'China', 12, 'Boeing B-737-209', 1),
(92, 2008, 9, 'Kyrgyzstan', 1, 'Boeing B-737-219', 1),
(93, 1982, 12, 'D.C.', 2, 'Boeing B-737-222', 4),
(94, 1988, 18, 'Turkey', 8, 'Boeing B-737-230A', 1),
(95, 1985, 16, 'England', 7, 'Boeing B-737-236', 1),
(96, 1989, 21, 'Brazil', 12, 'Boeing B-737-241', 1),
(97, 2005, 14, 'Peru', 8, 'Boeing B-737-244', 1),
(98, 1985, 16, 'Malta', 1, 'Boeing B-737-266', 1),
(99, 1978, 11, 'British Columbia', 8, 'Boeing B-737-275', 1),
(100, 1991, 13, 'Colorado', 11, 'Boeing B-737-291', 1),
(101, 1993, 15, 'India', 8, 'Boeing B-737-2A8', 3),
(102, 1977, 7, 'near Kampung Ladang', 1, 'Boeing B-737-2H6', 2),
(103, 1995, 19, 'Cameroon', 2, 'Boeing B-737-2K9', 1),
(104, 2005, 14, 'Nigeria', 7, 'Boeing B-737-2L9', 1),
(105, 1987, 12, 'Thiland', 1, 'Boeing B-737-2P5', 1),
(106, 2003, 20, 'Algeria', 3, 'Boeing B-737-2T4', 1),
(107, 2007, 10, 'Indonesia', 18, 'Boeing B-737-497', 1),
(108, 2001, 25, 'Thailand', 10, 'Boeing B-737-4D7', 1),
(109, 2007, 10, 'Indonesia', 18, 'Boeing B-737-4Q8', 1),
(110, 1994, 21, 'Turkey', 8, 'Boeing B-737-4Y0', 2),
(111, 2008, 9, 'Russia', 25, 'Boeing B-737-505', 1),
(112, 2005, 14, 'Illinois', 14, 'Boeing B-737-7H4', 1),
(113, 2006, 11, 'Brazil', 12, 'Boeing B-737-8EH /EMB-135JB', 1),
(114, 1996, 20, 'Croatia', 1, 'Boeing B-737-T43', 1),
(115, 1982, 12, 'Indonesia', 18, 'Boeing B-747', 1),
(116, 1977, 7, 'Canary Islands', 2, 'Boeing B-747-121 / Boeing B-747-206B', 1),
(117, 1974, 11, 'Kenya', 3, 'Boeing B-747-130', 1),
(118, 1996, 20, 'India', 8, 'Boeing B-747-168B / Ilyushin IL-76TD', 1),
(119, 2002, 24, 'Taiwan', 9, 'Boeing B-747-209B', 1),
(120, 1985, 16, '110 miles West of Ireland', 1, 'Boeing B-747-237B', 2),
(121, 1978, 11, 'Maharashtra', 3, 'Boeing B-747-237B', 2),
(122, 1983, 11, 'Spain', 11, 'Boeing B-747-283B', 1),
(123, 2000, 25, 'Taiwan', 9, 'Boeing B-747-412', 1),
(124, 1985, 16, 'California', 43, 'Boeing B-747-SP-09', 1),
(125, 1985, 16, 'near Ueno Village', 1, 'Boeing B-747-SR46', 1),
(126, 1995, 19, 'Valle del Cauca', 1, 'Boeing B-757-223', 2),
(127, 1996, 20, 'Domincan Republic', 1, 'Boeing B-757-225', 1),
(128, 1996, 20, 'Comoros', 1, 'Boeing B-767-200ER', 2),
(129, 2002, 24, 'South Korea', 3, 'Boeing B-767-200ER', 2),
(130, 1983, 11, 'Manitoba', 1, 'Boeing B-767-233ER', 1),
(131, 1963, 17, 'New York', 32, 'Boeing Vetrol 107 II helicopter', 1),
(132, 1966, 18, 'Slovenia', 1, 'Bristol Britannia 102', 1),
(133, 2000, 25, 'Mexico', 7, 'British Aerospace  BAe Jetstream 32EP', 1),
(134, 1989, 21, 'Washington', 11, 'British Aerospace 3101 Jetstream 31', 1),
(135, 2008, 9, 'Minnesota', 6, 'British Aerospace BAe-125-800A', 1),
(136, 1987, 12, 'California', 43, 'British Aerospace BAe-146-200A', 1),
(137, 1993, 15, 'Minnesota', 6, 'British Aerospace Jetstream BA-3100', 1),
(138, 1983, 11, 'Alaska', 26, 'Britten-Norman BN-2A-8 Islander', 1),
(139, 2004, 18, 'Colorado', 11, 'Canadair CL-601-2A12 Challenger', 1),
(140, 2003, 20, 'France', 17, 'Canadair CRJ-100ER', 1),
(141, 2006, 11, 'Kentucky', 2, 'Canadair CRJ-200ER', 1),
(142, 2000, 25, 'Chile', 4, 'Casa 212-AB10 Aviocar', 1),
(143, 2002, 24, 'New Zealand', 6, 'Cessna 207 Skywagon', 1),
(144, 2005, 14, 'Canada', 13, 'Cessna 208B', 1),
(145, 1997, 25, 'Alaska', 26, 'Cessna 208B Caravan I', 3),
(146, 1998, 20, 'British Columbia', 8, 'Cessna 208B Caravan I Super Cargomaster', 5),
(147, 2000, 25, 'Washington', 11, 'Cessna 208B Caravan I Super Cargomaster', 5),
(148, 2002, 24, 'Alabama', 5, 'Cessna 208B Cargomaster I', 1),
(149, 1999, 28, 'Nicaragua', 1, 'Cessna 208B Grand Caravan', 4),
(150, 2000, 25, 'Costa Rica', 3, 'Cessna 208B Grand Caravan I', 1),
(151, 1999, 28, 'Scotland', 3, 'Cessna 404 Titan Ambassador', 1),
(152, 1954, 8, 'Wyoming', 8, 'Convair CV-240', 2),
(153, 1964, 14, 'Japan', 10, 'Convair CV-240-0', 5),
(154, 1955, 11, 'Mississippi', 1, 'Convair CV-240-0', 5),
(155, 1952, 7, 'New Jersey', 5, 'Convair CV-240-0', 5),
(156, 1953, 11, 'New York', 32, 'Convair CV-240-0', 5),
(157, 1957, 10, 'Oklahoma', 3, 'Convair CV-240-0', 5),
(158, 1966, 18, 'Germany', 4, 'Convair CV-440-0', 1),
(159, 1989, 21, 'New Zealand', 6, 'Convair CV-580', 7),
(160, 2004, 18, 'Ohio', 9, 'Convair CV-580', 7),
(161, 1972, 17, 'Wisconsin', 4, 'Convair CV-580/De Hav. Twin Otter 100', 1),
(162, 1967, 18, 'China', 12, 'Convair CV-880-22M-3', 1),
(163, 1953, 11, 'Idaho', 1, 'Curtiss C-46', 3),
(164, 1951, 12, 'New York', 32, 'Curtiss C-46A-50-CU', 1),
(165, 1995, 19, 'British Columbia', 8, 'De Havilland Dash-3', 1),
(166, 1998, 20, 'India', 8, 'Dornier 228-201', 2),
(167, 1999, 28, 'Italy', 16, 'Dornier 328-110', 1),
(168, 1946, 13, 'Illinois', 14, 'Douglas C-47-DL', 1),
(169, 1959, 17, 'California', 43, 'Douglas C-47A-DL', 1),
(170, 1948, 7, 'Alberta', 1, 'Douglas C-54A', 3),
(171, 1959, 17, 'Quebec', 1, 'Douglas C-54A', 3),
(172, 1947, 11, 'Washington', 11, 'Douglas C-54A', 3),
(173, 1960, 17, 'Montana', 8, 'Douglas C-54A-DC', 1),
(174, 1959, 17, 'Alaska', 26, 'Douglas C-54B', 3),
(175, 1957, 10, 'Washington', 11, 'Douglas C-54B', 3),
(176, 1953, 11, 'Washington', 11, 'Douglas C-54B-10-DO', 1),
(177, 1947, 11, 'Maryland', 6, 'Douglas C-54B-15-DO', 1),
(178, 1937, 6, 'Florida', 12, 'Douglas DC-2', 1),
(179, 1939, 2, 'Oklahoma', 3, 'Douglas DC-2-112', 6),
(180, 1936, 5, 'Pennsylvania', 14, 'Douglas DC-2-112', 6),
(181, 1937, 6, 'Pennsylvania', 14, 'Douglas DC-2-112', 6),
(182, 1957, 10, 'Brazil', 12, 'Douglas DC-3', 53),
(183, 1944, 4, 'California', 43, 'Douglas DC-3', 53),
(184, 1969, 14, 'California', 43, 'Douglas DC-3', 53),
(185, 1960, 17, 'Ethiopia', 3, 'Douglas DC-3', 53),
(186, 1941, 5, 'Georgia', 6, 'Douglas DC-3', 53),
(187, 1977, 7, 'Indiana', 5, 'Douglas DC-3', 53),
(188, 1961, 14, 'Indonesia', 18, 'Douglas DC-3', 53),
(189, 1961, 14, 'Indonesia', 18, 'Douglas DC-3', 53),
(190, 1951, 12, 'Iowa', 8, 'Douglas DC-3', 53),
(191, 1954, 8, 'Iowa', 8, 'Douglas DC-3', 53),
(192, 1941, 5, 'Minnesota', 6, 'Douglas DC-3', 53),
(193, 1942, 6, 'Nevada', 5, 'Douglas DC-3', 53),
(194, 1954, 8, 'New Hampshire', 2, 'Douglas DC-3', 53),
(195, 1945, 9, 'New York', 32, 'Douglas DC-3', 53),
(196, 1964, 14, 'Philippines', 16, 'Douglas DC-3', 53),
(197, 1965, 18, 'Philippines', 16, 'Douglas DC-3', 53),
(198, 1959, 17, 'Tennessee', 4, 'Douglas DC-3', 53),
(199, 1953, 11, 'Texas', 13, 'Douglas DC-3', 53),
(200, 1940, 3, 'Utah', 9, 'Douglas DC-3', 53),
(201, 1945, 9, 'Virginia', 11, 'Douglas DC-3', 53),
(202, 1959, 17, 'Virginia', 11, 'Douglas DC-3', 53),
(203, 1937, 6, 'Wyoming', 8, 'Douglas DC-3', 53),
(204, 1946, 13, 'Wyoming', 8, 'Douglas DC-3', 53),
(205, 1946, 13, 'California', 43, 'Douglas DC-3 ( C-53D-DO)', 1),
(206, 1946, 13, 'Nevada', 5, 'Douglas DC-3 (C-47-A5-DL)', 1),
(207, 1946, 13, 'Ohio', 9, 'Douglas DC-3 (C-53D-DO)', 1),
(208, 1949, 6, 'New Jersey', 5, 'Douglas DC-3 -201D/ F-6-F- 5 Hellcat', 1),
(209, 1946, 13, 'Wyoming', 8, 'Douglas DC-3-194H', 1),
(210, 1946, 13, 'Connecticut', 4, 'Douglas DC-3-201E', 1),
(211, 1949, 6, 'D.C.', 2, 'Douglas DC-3-313A', 1),
(212, 1943, 6, 'Peru', 8, 'Douglas DC-3A', 5),
(213, 1942, 6, 'Utah', 9, 'Douglas DC-3A', 5),
(214, 1949, 6, 'Alaska', 26, 'Douglas DC-3C', 2),
(215, 2001, 25, 'Venezuela', 8, 'Douglas DC-3C (C47A-DL)', 1),
(216, 1950, 7, '18 NNW of Benton Harbor', 1, 'Douglas DC-4', 8),
(217, 1948, 7, 'Illinois', 14, 'Douglas DC-4', 8),
(218, 1964, 14, 'Massachutes', 1, 'Douglas DC-4', 8),
(219, 1952, 7, 'Puerto Rico', 5, 'Douglas DC-4', 8),
(220, 1955, 11, 'Wyoming', 8, 'Douglas DC-4', 8),
(221, 1953, 11, 'California', 43, 'Douglas DC-4  (C-54-10-DO)', 1),
(222, 1948, 7, 'Alaska', 26, 'Douglas DC-4 (C-54G-1-DO)', 1),
(223, 1951, 12, 'Florida', 12, 'Douglas DC-4 /Beechcraft SMB-1', 1),
(224, 1947, 11, 'Greece', 5, 'Douglas DC-4-1009', 2),
(225, 1947, 11, 'Alaska', 26, 'Douglas DC-4A', 1),
(226, 1953, 11, 'California', 43, 'Douglas DC-6', 5),
(227, 1948, 7, 'Pennsylvania', 14, 'Douglas DC-6', 5),
(228, 1949, 6, 'Texas', 13, 'Douglas DC-6', 5),
(229, 1966, 18, 'Colombia', 12, 'Douglas DC-6-54B', 1),
(230, 1953, 11, '325 miles east of Wake Island', 1, 'Douglas DC-6A', 4),
(231, 1965, 18, 'Washington', 11, 'Douglas DC-6A', 4),
(232, 1963, 17, 'Bolivia', 2, 'Douglas DC-6B', 11),
(233, 1965, 18, 'British Columbia', 8, 'Douglas DC-6B', 11),
(234, 1953, 11, 'California', 43, 'Douglas DC-6B', 11),
(235, 1965, 18, 'Chile', 4, 'Douglas DC-6B', 11),
(236, 1958, 9, 'Zimbabwe', 1, 'Douglas DC-6B', 11),
(237, 1951, 12, 'near Ft. Collins', 1, 'Douglas DC-6B', 11),
(238, 1956, 10, 'Arizona', 3, 'Douglas DC-7 / Lockheed S Constellation', 1),
(239, 1962, 17, 'New York', 32, 'Douglas DC-7B', 3),
(240, 1965, 18, 'New York', 32, 'Douglas DC-7B', 3),
(241, 1963, 17, '116 miles WSW of Annette Island', 1, 'Douglas DC-7CF', 1),
(242, 1938, 6, 'Ohio', 9, 'Douglas DST-A-207A', 2),
(243, 2006, 11, 'Vermont', 1, 'Embraer 110 Bandeirante', 1),
(244, 1995, 19, 'England', 7, 'Embraer 110 P1 Bandeirante', 1),
(245, 1997, 25, 'Canada', 13, 'Embraer 110P1 Bandeirante', 5),
(246, 1984, 5, 'Florida', 12, 'Embraer 110P1 Bandeirante', 5),
(247, 1988, 18, 'South Africa', 3, 'Embraer 110P1 Bandeirante', 5),
(248, 2004, 18, 'Brazil', 12, 'Embraer 120ER Brasilia', 1),
(249, 1997, 25, 'Michigan', 10, 'Embraer 120RT Brasilia', 2),
(250, 1991, 13, 'Georgia', 6, 'Embraer 120RT- Brasilia', 1),
(251, 2002, 24, 'Spain', 11, 'Embraer EMB-120 Brasilia', 1),
(252, 1968, 17, 'Philippines', 16, 'Fairchild F-27', 2),
(253, 1964, 14, 'Nevada', 5, 'Fairchild F-27A', 2),
(254, 1968, 17, 'Alaska', 26, 'Fairchild F-27B', 2),
(255, 1975, 5, 'Alaska', 26, 'Fairchild F-27B', 2),
(256, 1972, 17, 'New York', 32, 'Fairchild-Hiller FH-227-B', 1),
(257, 1973, 15, 'Missouri', 9, 'Fairchild-Hiller FH-227B', 3),
(258, 1968, 17, 'New Hampshire', 2, 'Fairchild-Hiller FH227C', 1),
(259, 1993, 15, 'Macedonia', 2, 'Fokker 100', 4),
(260, 2002, 24, 'Luxembourg', 1, 'Fokker 50', 2),
(261, 1967, 18, 'Philippines', 16, 'Fokker F-27 Friendship 100', 2),
(262, 2003, 20, 'Pakistan', 4, 'Fokker F-27 Friendship 200', 2),
(263, 2006, 11, 'Pakistan', 4, 'Fokker F-27 Friendship 200', 2),
(264, 1994, 21, 'Ivory Coast', 2, 'Fokker F-27 Friendship 400M', 1),
(265, 2000, 25, 'Ghana', 1, 'Fokker F-27 Friendship 600', 4),
(266, 1998, 20, 'Myanmar', 2, 'Fokker F-27 Friendship 600', 4),
(267, 1994, 21, 'near Natanz', 1, 'Fokker F-28 Fellowship 1000', 3),
(268, 1981, 6, 'Netherlands', 4, 'Fokker F-28 Fellowship 4000', 2),
(269, 2002, 24, 'Philippines', 16, 'Fokker F27 Friendship 100', 1),
(270, 1930, 1, 'California', 43, 'Ford 5-AT-C Tri Motor', 1),
(271, 2000, 25, 'Maine', 3, 'Grumman G-159 Gulfstream I', 2),
(272, 1985, 16, 'Tennessee', 4, 'Grumman G-159 Gulfstream I', 2),
(273, 2005, 14, 'Florida', 12, 'Grumman G73T Turbo Mallard', 1),
(274, 1981, 6, 'Colorado', 11, 'Hadley Page 137Jetstream I / Cessna 206', 1),
(275, 1952, 7, 'Mauritania', 1, 'Handley Page HP-81 Hermes IV', 1),
(276, 2000, 25, 'Laos', 1, 'Harbin Yunshuji Y-12-II', 1),
(277, 1988, 18, 'Hong Kong', 1, 'Hawker Siddeley HS-121 Trident 2E', 1),
(278, 1999, 28, 'Nepal', 6, 'Hawker Siddeley HS-748-501 Super 2B', 1),
(279, 1983, 11, 'Illinois', 14, 'Hawker Siddeley HS-748-FAA', 1),
(280, 1982, 12, 'Guangxi', 2, 'Hawker Siddeley Trident 2E', 1),
(281, 2001, 25, 'Russia', 25, 'Ilyushin 18V', 1),
(282, 2001, 25, 'Russia', 25, 'Ilyushin IL- 76TD', 1),
(283, 2001, 25, 'Mexico', 7, 'LET 410UVP', 1),
(284, 2001, 25, 'Guatemala', 2, 'LET 410UVP-E', 1),
(285, 2001, 25, 'Texas', 13, 'Learjet 24D', 1),
(286, 2003, 20, 'Texas', 13, 'Learjet 25B', 1),
(287, 1955, 11, 'Bulgaria', 1, 'Lockheed 049 Constellation', 4),
(288, 1980, 7, 'Saudi Arabia', 3, 'Lockheed 1011-200 TriStar', 1),
(289, 1957, 10, 'Indonesia', 18, 'Lockheed 1049C Super Constellation', 1),
(290, 1954, 8, 'Ireland', 4, 'Lockheed 1049C-55-81 S Constellation', 1),
(291, 1960, 17, 'Senegal', 1, 'Lockheed 1049G Super Constellation', 1),
(292, 1958, 9, '100 miles W of Galway Bay', 1, 'Lockheed 1049H Super Constellation', 4),
(293, 1962, 17, 'California', 43, 'Lockheed 1049H Super Constellation', 4),
(294, 1939, 2, 'Montana', 8, 'Lockheed 14-H Super Electra', 1),
(295, 1938, 6, 'Montana', 8, 'Lockheed 14H Super Electra', 1),
(296, 1976, 10, 'Guam', 3, 'Lockheed 188A Electra', 4),
(297, 1971, 12, 'Huanuco', 1, 'Lockheed 188A Electra', 4),
(298, 1960, 17, '10 mile SE of Tell City', 1, 'Lockheed 188C Electra', 2),
(299, 1966, 18, 'Oklahoma', 3, 'Lockheed 188C Electra', 2),
(300, 1950, 7, 'Egypt', 6, 'Lockheed 749A Constellation', 3),
(301, 1966, 18, 'Peru', 8, 'Lockheed 749A Constellation', 3),
(302, 1955, 11, 'Florida', 12, 'Lockheed 749C-79-12 Constellation', 1),
(303, 1948, 7, 'Ireland', 4, 'Lockheed L-049-46 Constellation', 1),
(304, 2006, 11, 'Italy', 16, 'Lockheed L-100-30 Hercules', 2),
(305, 1972, 17, 'Florida', 12, 'Lockheed L-1011 TriStar1', 1),
(306, 1985, 16, 'Nevada', 5, 'Lockheed L-188A Electra', 1),
(307, 1961, 14, 'Egypt', 6, 'Lockheed L-188C Electra', 2),
(308, 1967, 18, 'Indonesia', 18, 'Lockheed L-188C Electra', 2),
(309, 1968, 17, 'Texas', 13, 'Lockheed L188A Electra', 1),
(310, 1969, 14, 'Indiana', 5, 'MD Douglas DC-9-31/Piper Cherokee PA-28', 1),
(311, 2001, 25, 'Italy', 16, 'MD-87 / Cessna 525A Citation II', 1),
(312, 1991, 13, 'Sweden', 2, 'MDonnell Douglas MD-81', 1),
(313, 1950, 7, 'Minnesota', 6, 'Martin 202', 6),
(314, 1950, 7, 'Montana', 8, 'Martin 202', 6),
(315, 1955, 11, 'New Mexico', 1, 'Martin 404', 5),
(316, 1963, 17, 'New York', 32, 'Martin 404', 5),
(317, 1956, 10, 'Pennsylvania', 14, 'Martin 404', 5),
(318, 1943, 6, 'California', 43, 'Martin M-130 (flying boat)', 3),
(319, 1978, 11, 'Los Angeles', 2, 'McDonnell Douglas DC-10-10', 6),
(320, 1999, 28, 'Guatemala', 2, 'McDonnell Douglas DC-10-30', 6),
(321, 1989, 21, 'Libya', 2, 'McDonnell Douglas DC-10-30', 6),
(322, 1992, 16, 'Algarve', 1, 'McDonnell Douglas DC-10-30CF', 3),
(323, 1982, 12, 'Spain', 11, 'McDonnell Douglas DC-10-30CF', 3),
(324, 1989, 21, 'Surinam', 1, 'McDonnell Douglas DC-8 Super 62', 1),
(325, 1985, 16, 'Newfoundland', 4, 'McDonnell Douglas DC-8 Super 63PF', 1),
(326, 1961, 14, 'Colorado', 11, 'McDonnell Douglas DC-8-12', 1),
(327, 1964, 14, 'New Orleans', 1, 'McDonnell Douglas DC-8-21', 2),
(328, 1961, 14, 'New York (Idlewild)', 1, 'McDonnell Douglas DC-8-21', 2),
(329, 1976, 10, 'Barbados', 1, 'McDonnell Douglas DC-8-43', 4),
(330, 1966, 18, 'Japan', 10, 'McDonnell Douglas DC-8-43', 4),
(331, 1972, 17, 'Sicily', 2, 'McDonnell Douglas DC-8-43', 4),
(332, 1967, 18, 'Louisiana', 3, 'McDonnell Douglas DC-8-51', 1),
(333, 1993, 15, 'Guantanamo Bay', 1, 'McDonnell Douglas DC-8-61', 3),
(334, 1982, 12, 'Japan', 10, 'McDonnell Douglas DC-8-61', 3),
(335, 1997, 25, 'Florida', 12, 'McDonnell Douglas DC-8-61F', 1),
(336, 1968, 17, 'California', 43, 'McDonnell Douglas DC-8-62', 3),
(337, 1972, 17, 'Russia', 25, 'McDonnell Douglas DC-8-62', 3),
(338, 1970, 13, 'Canada', 13, 'McDonnell Douglas DC-8-63', 1),
(339, 1970, 13, 'Japan', 10, 'McDonnell Douglas DC-8-63AF', 1),
(340, 1970, 13, 'Alaska', 26, 'McDonnell Douglas DC-8-63CF', 2),
(341, 2000, 25, 'California', 43, 'McDonnell Douglas DC-8-71F', 1),
(342, 1963, 17, 'Canada', 13, 'McDonnell Douglas DC-8F-54F', 1),
(343, 1987, 12, 'Colorado', 11, 'McDonnell Douglas DC-9-14', 5),
(344, 1985, 16, 'Wisconsin', 4, 'McDonnell Douglas DC-9-14', 5),
(345, 1991, 13, 'Ohio', 9, 'McDonnell Douglas DC-9-15RC', 1),
(346, 1974, 11, 'North Carolina', 7, 'McDonnell Douglas DC-9-31', 6),
(347, 1976, 10, 'Hrvatska', 1, 'McDonnell Douglas DC-9-31 / Trident 3B', 1),
(348, 1983, 11, 'Covington/Hebron', 2, 'McDonnell Douglas DC-9-32', 12),
(349, 1972, 17, 'Czechoslovakia', 2, 'McDonnell Douglas DC-9-32', 12),
(350, 1998, 20, 'Philippines', 16, 'McDonnell Douglas DC-9-32', 12),
(351, 1978, 11, 'Sicily', 2, 'McDonnell Douglas DC-9-32', 12),
(352, 1997, 25, 'Uruguay', 1, 'McDonnell Douglas DC-9-32', 12),
(353, 1999, 28, 'China', 12, 'McDonnell Douglas MD-11', 4),
(354, 1998, 20, 'Nova Scotia', 2, 'McDonnell Douglas MD-11', 4),
(355, 1999, 28, 'Arkansas', 3, 'McDonnell Douglas MD-82', 8),
(356, 1993, 15, 'China', 12, 'McDonnell Douglas MD-82', 8),
(357, 1987, 12, 'Michigan', 10, 'McDonnell Douglas MD-82', 8),
(358, 2008, 9, 'Spain', 11, 'McDonnell Douglas MD-82', 8),
(359, 1996, 20, 'Florida', 12, 'McDonnell Douglas MD-88', 1),
(360, 1999, 28, 'Taiwan', 9, 'McDonnell Douglas MD-90-30', 1),
(361, 2004, 18, 'Indonesia', 18, 'McDonnell-Douglas MD-82', 1),
(362, 1993, 15, 'Iowa', 8, 'Mitsubishi MU-2B-60', 1),
(363, 1971, 12, 'Japan', 10, 'NAMC YS-11A-227', 1),
(364, 1966, 18, 'Japan', 10, 'NAMC-YS-11-111', 1),
(365, 1999, 28, 'South Africa', 3, 'Piper PA-31-350', 2),
(366, 2000, 25, 'Alaska', 26, 'Piper PA-31-350 Navajo', 4),
(367, 1995, 19, 'Arizona', 3, 'Piper PA-31-350 Navajo', 4),
(368, 2000, 25, 'England', 7, 'Piper PA-31-350 Navajo', 4),
(369, 1996, 20, 'New Brunswick', 1, 'Piper PA-31-350 Navajo Chieftain', 4),
(370, 2000, 25, 'Switzerland', 5, 'Saab 340B', 2),
(371, 1998, 20, 'Taiwan', 9, 'Saab340B', 1),
(372, 1938, 6, 'U.S. Samoa', 1, 'Sikorsky S-42 (flying boat)', 2),
(373, 1934, 1, 'Missouri', 9, 'Stinson  SM-6000B', 1),
(374, 1960, 17, 'Turkey', 8, 'Sud Aviation Caravelle 1', 1),
(375, 1973, 15, 'Spain', 11, 'Sud-Aviation Caravelle 10-R', 1),
(376, 1963, 17, 'Aargau', 1, 'Sud-Aviation Caravelle III', 2),
(377, 1972, 17, 'Spain', 11, 'Sud-Aviation Caravelle VI-R', 1),
(378, 1995, 19, 'Ontario', 3, 'Swear. SA-227CC Metro 23/Piper Navajo', 1),
(379, 2001, 25, 'Spain', 11, 'Swearingen SA-226AT Merlin IV', 1),
(380, 2003, 20, 'Kenya', 3, 'Swearingen SA-226T Metro II', 1),
(381, 1987, 12, 'Utah', 9, 'Swearingen SA-226TC / Mooney M-20C', 1),
(382, 1988, 18, 'North Carolina', 7, 'Swearingen SA227-AC', 1),
(383, 2003, 20, 'Washington', 11, 'Swearingen SA227AT Merlin IVC', 1),
(384, 2004, 18, 'Russia', 25, 'Tupolev 134A-3', 1),
(385, 2004, 18, 'Russia', 25, 'Tupolev 154B-2', 1),
(386, 1977, 7, 'Kazakastan', 1, 'Tupolev TU-104A', 1),
(387, 1992, 16, 'Russia', 25, 'Tupolev TU-134A', 3),
(388, 1971, 12, 'Yugoslavia', 1, 'Tupolev TU-134A', 3),
(389, 1999, 28, 'China', 12, 'Tupolev TU-154', 3),
(390, 2002, 24, 'Iran', 2, 'Tupolev TU-154', 3),
(391, 1980, 7, 'Kasakastan', 1, 'Tupolev TU-154B', 3),
(392, 1995, 19, 'Russia', 25, 'Tupolev TU-154B', 3),
(393, 1985, 16, 'Uzbekistan', 2, 'Tupolev TU-154B-2', 1),
(394, 1994, 21, 'China', 12, 'Tupolev TU-154M', 5),
(395, 1998, 20, 'Ecuador', 4, 'Tupolev TU-154M', 5),
(396, 2001, 25, 'Russia', 25, 'Tupolev TU-154M', 5),
(397, 2006, 11, 'Ukraine', 2, 'Tupolev Tu-154M', 2),
(398, 1994, 21, 'England', 7, 'Vickers 813 Viscount', 1),
(399, 1958, 9, 'Italy', 16, 'Vickers Viscount 701C', 1),
(400, 1963, 17, 'France', 17, 'Vickers Viscount 708', 1),
(401, 1968, 17, 'WA', 1, 'Vickers Viscount 720', 1),
(402, 1962, 17, 'Maryland', 6, 'Vickers Viscount 745D', 5),
(403, 1958, 9, 'Cuba', 4, 'Vickers Viscount 755D', 1),
(404, 1964, 14, 'Italy', 16, 'Vickers Viscount 785D', 2),
(405, 1967, 18, 'South Africa', 3, 'Vickers Viscount 818', 1),
(406, 1966, 18, 'Australia', 2, 'Vickers Viscount 832', 1),
(407, 1960, 17, 'Russia', 25, 'Vickers Viscount 837', 1),
(408, 2003, 20, 'Turkey', 8, 'Yakovlev 42D', 1),
(409, 1990, 14, 'Cuba', 4, 'Yakovlev YAK-40', 3),
(410, 2004, 18, 'Uzbekistan', 2, 'Yakovlev YAK-40', 3),
(411, 1997, 25, 'Greece', 5, 'Yakovlev YAK-42', 2),
(412, 1993, 15, 'Macedonia', 2, 'Yakovlev YAK-42D', 3),
(413, 1999, 28, 'Venezuela', 8, 'Yakovlev YAK-42D', 3),
(414, 1937, 6, 'New Jersey', 5, 'Zeppelin LZ-129', 1),
(415, 2001, 25, 'St. Barthélémy', 1, 'de Havilland Canada DHC-6 Twin Otter', 1),
(416, 1970, 13, 'Connecticut', 4, 'de Havilland Canada DHC-6 Twin Otter 100', 1),
(417, 1996, 20, 'Canada', 13, 'de Havilland Canada DHC-6 Twin Otter 300', 13),
(418, 1996, 20, 'Colombia', 12, 'de Havilland Canada DHC-6 Twin Otter 300', 13),
(419, 1995, 19, 'Nepal', 6, 'de Havilland Canada DHC-6 Twin Otter 300', 13),
(420, 1976, 10, 'New Jersey', 5, 'de Havilland Canada DHC-6 Twin Otter 300', 13),
(421, 1982, 12, 'Norway', 4, 'de Havilland Canada DHC-6 Twin Otter 300', 13),
(422, 1997, 25, 'Samoa', 1, 'de Havilland Canada DHC-6 Twin Otter 300', 13),
(423, 1990, 14, 'Thailand', 10, 'de Havilland Canada DHC-8-103', 1),
(424, 1993, 15, 'France', 17, 'de Havilland Canada DHC-8-301', 1),
(425, 1967, 18, 'Greece', 5, 'de Havilland Comet 4B', 1),
(426, 1954, 8, 'Italy', 16, 'de Havilland DH106 Comet 1', 3),
(427, 1954, 8, 'Italy', 16, 'de Havilland DH106 Comet 1', 3),
(428, 1982, 12, 'Rhode Island', 1, 'de Havilland DHC -6-100', 1),
(429, 2004, 18, 'Nepal', 6, 'de Havilland DHC-6 Twin Otter 300', 2),
(430, 2008, 9, 'Venezuela', 8, 'ATR-42-300', 1),
(431, 1997, 25, 'Italy', 16, 'Aerospatiale ATR-42-512', 1),
(432, 2001, 25, 'Queens', 2, 'Airbus A-300-605R', 1),
(433, 2008, 9, 'Sudan', 3, 'Airbus A-310-324', 1),
(434, 1997, 25, 'Indonesia', 18, 'Airbus A300-B4-200', 1),
(435, 1988, 18, 'near Bandar Abbas', 1, 'Airbus A300B2-203', 1),
(436, 1995, 19, 'Romania', 1, 'Airbus A310-324', 1),
(437, 1988, 18, 'France', 17, 'Airbus A320-111', 2),
(438, 1992, 16, 'near Strasbourg', 1, 'Airbus A320-111', 2),
(439, 1993, 15, 'Poland', 3, 'Airbus A320-211', 2),
(440, 2009, 6, 'New York', 32, 'Airbus A320-214', 1),
(441, 1990, 14, 'India', 8, 'Airbus A320-231', 1),
(442, 1994, 21, 'France', 17, 'Airbus A330-321', 1),
(443, 2000, 25, 'Ivory Coast', 2, 'AirbusA310-304', 1),
(444, 2002, 24, 'Italy', 16, 'Antonov 2TP', 1),
(445, 2002, 24, 'Iran', 2, 'Antonov AN-140', 1),
(446, 2005, 14, 'Azerbaijan', 1, 'Antonov AN-140-100', 1),
(447, 1997, 25, 'Russia', 25, 'Antonov AN-24RV', 2),
(448, 2002, 24, 'Russia', 25, 'Antonov AN-26', 1),
(449, 1998, 20, 'Peru', 8, 'Antonov AN-32', 1),
(450, 1996, 20, 'Italy', 16, 'Antonov An-124', 1),
(451, 1967, 18, 'Pennsylvania', 14, 'BAC One Eleven 204AF', 1),
(452, 2002, 24, 'Nigeria', 7, 'BAC One-Eleven 525FT', 1),
(453, 1969, 14, 'Nigeria', 7, 'BAC VC-10-1101', 1),
(454, 2006, 11, 'Norway', 4, 'BAe 146-200', 1),
(455, 2004, 18, 'Gabon', 1, 'BAe HS-748-232 Srs 2A', 1),
(456, 2003, 20, 'North Carolina', 7, 'Beech BE-1900D', 1),
(457, 1964, 14, 'Florida', 12, 'Beech D18S', 1),
(458, 1985, 16, 'Alaska', 26, 'Beech Queen Air 65-A80', 1),
(459, 1987, 12, 'Alaska', 26, 'Beechcraft 1900C', 3),
(460, 2008, 9, 'Montana', 8, 'Beechcraft 1900C', 3),
(461, 1999, 28, 'Canada', 13, 'Beechcraft 1900D', 1),
(462, 1998, 20, 'France', 17, 'Beechcraft 1900D / Cessna 177', 1),
(463, 1999, 28, 'Belgium', 2, 'Beechcraft 99', 4),
(464, 1981, 6, 'Washington', 11, 'Beechcraft 99A', 1),
(465, 1969, 14, 'Georgia', 6, 'Beechcraft B-99', 1),
(466, 1991, 13, 'Alabama', 5, 'Beechcraft BE-99-C99', 1),
(467, 1959, 17, 'Iowa', 8, 'Beechcraft Bonanza 35', 1),
(468, 1992, 16, 'Alabama', 5, 'Beechcraft C99', 1),
(469, 1984, 5, 'California', 43, 'Beechcraft C99 / Rockwell 112TC', 1),
(470, 1989, 21, 'Hawaii', 8, 'Beechcraft H18', 1),
(471, 2002, 24, 'Minnesota', 6, 'Beechcraft King Air A100', 1),
(472, 1990, 14, 'Wisconsin', 4, 'Bell BHT-206-B Helicopter', 1),
(473, 1957, 10, 'Hawaii', 8, 'Boeing - 377-10-29 Stratocruiser', 1),
(474, 1936, 5, 'California', 43, 'Boeing 247-D', 1),
(475, 1935, 3, 'Wyoming', 8, 'Boeing 247D', 2),
(476, 1956, 10, 'Washington', 11, 'Boeing 377 Stratocruiser 10-30', 1),
(477, 1952, 7, 'Brazil', 12, 'Boeing 377-10-26 Stratocruiser', 1),
(478, 1999, 28, 'Nepal', 6, 'Boeing 727-243F', 1),
(479, 2006, 11, 'Nigeria', 7, 'Boeing 737-2B7', 1),
(480, 1994, 21, 'England', 7, 'Boeing 737-2D6C', 1),
(481, 2003, 20, 'Sudan', 3, 'Boeing 737-2J8C', 1),
(482, 1999, 28, 'Turkey', 8, 'Boeing 737-4Q8', 1),
(483, 2009, 6, 'Netherlands', 4, 'Boeing 737-8F2', 1),
(484, 1999, 28, 'United Kingdom', 1, 'Boeing 747-2B5F', 1),
(485, 1995, 19, 'Alaska', 26, 'Boeing B-707 (E-3B)', 1),
(486, 1962, 17, 'Missouri', 9, 'Boeing B-707-124', 2),
(487, 1967, 18, 'Ohio', 9, 'Boeing B-707-131', 1),
(488, 1965, 18, 'New York', 32, 'Boeing B-707-131B / L1049C Constellation', 1),
(489, 1961, 14, 'Belgium', 2, 'Boeing B-707-320', 1),
(490, 1974, 11, 'American Samoa', 1, 'Boeing B-707-321B', 5),
(491, 1973, 15, 'Italy', 16, 'Boeing B-707-321B', 5),
(492, 1990, 14, 'New York', 32, 'Boeing B-707-321B', 5),
(493, 1968, 17, 'Venezuela', 8, 'Boeing B-707-321B', 5),
(494, 1974, 11, 'Bali', 1, 'Boeing B-707-321C', 2),
(495, 1971, 12, 'New Jersey', 5, 'Boeing B-707-323 / Cessna 150', 1),
(496, 1962, 17, 'Guadaloupe', 1, 'Boeing B-707-328', 1),
(497, 1964, 14, 'Italy', 16, 'Boeing B-707-331', 1),
(498, 1988, 18, 'Italy', 16, 'Boeing B-707-338C', 1),
(499, 1979, 12, 'Jeddah', 1, 'Boeing B-707-340C', 1),
(500, 1976, 10, 'Thailand', 10, 'Boeing B-707-366C', 1),
(501, 1968, 17, 'London', 1, 'Boeing B-707-465', 1),
(502, 1965, 18, 'Egypt', 6, 'Boeing B-720-040B', 1),
(503, 1971, 12, 'California', 43, 'Boeing B-720-047B', 1),
(504, 1963, 17, 'Florida', 12, 'Boeing B-720-051B', 1),
(505, 1976, 10, 'Saudi Arabia', 3, 'Boeing B-720B-023B', 1),
(506, 1971, 12, 'Alaska', 26, 'Boeing B-727-193', 1),
(507, 1983, 11, 'Spain', 11, 'Boeing B-727-200 / DC9-32', 1),
(508, 1989, 21, 'Colombia', 12, 'Boeing B-727-21', 2),
(509, 1982, 12, 'Brazil', 12, 'Boeing B-727-212A', 1),
(510, 1978, 11, 'California', 43, 'Boeing B-727-214 / Cessna 172', 1),
(511, 1965, 18, 'Utah', 9, 'Boeing B-727-22', 2),
(512, 1965, 18, 'near Chicago', 1, 'Boeing B-727-22', 2),
(513, 1967, 18, 'North Carolina', 7, 'Boeing B-727-22 / Cessna 310', 1),
(514, 2003, 20, 'Benin', 1, 'Boeing B-727-223', 1),
(515, 1989, 21, 'Honduras', 2, 'Boeing B-727-224', 3),
(516, 1975, 5, 'New York', 32, 'Boeing B-727-225', 1),
(517, 1965, 18, 'near Covington', 1, 'Boeing B-727-23', 1),
(518, 1998, 20, 'Colombia', 12, 'Boeing B-727-230', 1),
(519, 1996, 20, 'Nigeria', 7, 'Boeing B-727-231', 2),
(520, 1988, 18, 'Texas', 13, 'Boeing B-727-232 Adv', 1),
(521, 1978, 11, 'Florida', 12, 'Boeing B-727-235', 2),
(522, 1982, 12, 'Louisiana', 3, 'Boeing B-727-235', 2),
(523, 1985, 16, 'Vizcaya', 1, 'Boeing B-727-256', 1),
(524, 1986, 9, 'Mexico', 7, 'Boeing B-727-264', 1),
(525, 1971, 12, 'Japan', 10, 'Boeing B-727-281 / Air Force F86F', 1),
(526, 1977, 7, 'Island of Madeira', 1, 'Boeing B-727-282', 1),
(527, 1970, 13, 'Virgin Islands', 3, 'Boeing B-727-2A7', 1),
(528, 1969, 14, 'Nuevo Leon', 1, 'Boeing B-727-64', 2),
(529, 1966, 18, 'Japan', 10, 'Boeing B-727-81', 2),
(530, 1968, 17, 'Taiwan', 9, 'Boeing B-727-92C', 1),
(531, 2005, 14, 'Pakistan', 4, 'Boeing B-737-200', 1),
(532, 1999, 28, 'Argentina', 2, 'Boeing B-737-204C', 1),
(533, 1981, 6, 'Miao-li', 1, 'Boeing B-737-222', 4),
(534, 1972, 17, 'Midway Airport', 1, 'Boeing B-737-222', 4),
(535, 1996, 20, 'Peru', 8, 'Boeing B-737-222', 4),
(536, 1988, 18, 'Ethiopia', 3, 'Boeing B-737-230', 1),
(537, 1990, 14, 'China', 12, 'Boeing B-737-247 / Boeing B-757-21B', 1),
(538, 1988, 18, 'Hawaii', 8, 'Boeing B-737-297', 1),
(539, 1988, 18, 'India', 8, 'Boeing B-737-2A8', 3),
(540, 1991, 13, 'India', 8, 'Boeing B-737-2A8', 3),
(541, 2000, 25, 'India', 8, 'Boeing B-737-2A8 Advanced', 1),
(542, 1997, 25, 'Brazil', 12, 'Boeing B-737-2C3', 1),
(543, 1995, 19, 'Nigeria', 7, 'Boeing B-737-2F9', 1),
(544, 2000, 25, 'Philippines', 16, 'Boeing B-737-2H4', 1),
(545, 1995, 19, 'San Vincente', 1, 'Boeing B-737-2H6', 2),
(546, 1983, 11, 'UAE', 1, 'Boeing B-737-2P6', 1),
(547, 1997, 25, 'Indonesia', 18, 'Boeing B-737-300', 1),
(548, 1991, 13, 'Los Angeles', 2, 'Boeing B-737-300 / Swearingen SA-227AC', 1),
(549, 1997, 25, 'China', 12, 'Boeing B-737-31B', 1),
(550, 1994, 21, 'Pennsylvania', 14, 'Boeing B-737-3B7', 1),
(551, 2004, 18, 'Egypt', 6, 'Boeing B-737-3Q8', 2),
(552, 2002, 24, 'Indonesia', 18, 'Boeing B-737-3Q8', 2),
(553, 2000, 25, 'Calilfornia', 1, 'Boeing B-737-3T5', 1),
(554, 1992, 16, 'Guangxi', 2, 'Boeing B-737-3Y0', 1),
(555, 1989, 21, 'New York', 32, 'Boeing B-737-401', 1),
(556, 1989, 21, 'England', 7, 'Boeing B-737-4Y0', 2),
(557, 2002, 24, 'Tunisia', 1, 'Boeing B-737-566', 1),
(558, 1993, 15, 'South Korea', 3, 'Boeing B-737-5L9', 1),
(559, 1971, 12, 'California', 43, 'Boeing B-747-121', 2),
(560, 1986, 9, 'Pakistan', 4, 'Boeing B-747-121', 2),
(561, 1988, 18, 'Scotland', 3, 'Boeing B-747-121A', 1),
(562, 1989, 21, 'Hawaii', 8, 'Boeing B-747-122', 2),
(563, 1996, 20, 'New York', 32, 'Boeing B-747-131', 1),
(564, 1976, 10, 'Spain', 11, 'Boeing B-747-131F', 1),
(565, 1983, 11, 'Russia', 25, 'Boeing B-747-230B', 1),
(566, 1987, 12, 'Indian Ocean', 1, 'Boeing B-747-244B', 1),
(567, 1992, 16, 'Netherlands', 4, 'Boeing B-747-258F', 1),
(568, 1991, 13, 'Taiwan', 9, 'Boeing B-747-2R7F', 1),
(569, 1997, 25, 'Guam', 3, 'Boeing B-747-300', 1),
(570, 1996, 20, 'Peru', 8, 'Boeing B-757-200', 1),
(571, 2001, 25, 'Pennsylvania', 14, 'Boeing B-757-222', 1),
(572, 2001, 25, 'Virginia.', 1, 'Boeing B-757-223', 2),
(573, 2001, 25, 'New York', 32, 'Boeing B-767-222', 1),
(574, 1999, 28, 'Massachusetts', 6, 'Boeing B-767-366ER', 1),
(575, 1991, 13, 'Thailand', 10, 'Boeing B-767-3Z9ER', 1),
(576, 2009, 6, 'New York', 32, 'Bombardier DHC-8-402 Q400', 1),
(577, 1957, 10, 'Madrid', 1, 'Bristol 170 Freighter', 1),
(578, 1964, 14, 'Austria', 1, 'Bristol Britannia 312', 1),
(579, 1962, 17, 'Hawaii', 8, 'Bristol Britannia 314', 1),
(580, 1993, 15, 'China', 12, 'British Aerospace 146-300', 1),
(581, 1999, 28, 'Azores (Portugal)', 1, 'British Aerospace APT', 1),
(582, 1997, 25, 'Indonesia', 18, 'British Aerospace ATP', 1),
(583, 1998, 20, 'Morroco', 1, 'British Aerospace BAe-146-100', 1),
(584, 1994, 21, 'North Carolina', 7, 'British Aerospace Jetstream 3201', 1),
(585, 1994, 21, 'Ohio', 9, 'British Aerospace Jetstream 4101', 1),
(586, 2001, 25, 'Spain', 11, 'CASA  CN-235-200', 1),
(587, 1995, 19, 'Indonesia', 18, 'CASA 212', 1),
(588, 1990, 14, 'Costa Rica', 3, 'CASA 212 Aviocar 200', 3),
(589, 1987, 12, 'Michigan', 10, 'CASA 212 Aviocar 200', 3),
(590, 1987, 12, 'Puerto Rico', 5, 'CASA 212 Aviocar 200', 3),
(591, 1990, 14, 'Venezuela', 8, 'CASA 212-200 Aviocar', 1),
(592, 2004, 18, 'Afghanstan', 1, 'CASA 212-CC', 1),
(593, 2004, 18, 'Missouri', 9, 'Canadair CRJ200LR RegionalJet', 1),
(594, 1956, 10, 'British Columbia', 8, 'Canadair DC-4M-2 Northstar', 1),
(595, 1969, 14, 'Iowa', 8, 'Cessna 172H', 1),
(596, 2001, 25, 'Alaska', 26, 'Cessna 208 Caravan', 1),
(597, 1990, 14, 'Colorado', 11, 'Cessna 208A Caravan I Cargomaster', 1),
(598, 1997, 25, 'Alaska', 26, 'Cessna 208B Caravan I', 3),
(599, 1997, 25, 'Colorado', 11, 'Cessna 208B Caravan I', 3),
(600, 2002, 24, 'Illinois', 14, 'Cessna 208B Caravan I Super Cargomaster', 5),
(601, 1998, 20, 'Tennesee', 3, 'Cessna 208B Caravan I Super Cargomaster', 5),
(602, 2003, 20, 'Wyoming', 8, 'Cessna 208B Caravan I Super Cargomaster', 5),
(603, 2003, 20, 'Canada', 13, 'Cessna 208B Grand Caravan', 4),
(604, 2001, 25, 'Costa Rica', 3, 'Cessna 208B Grand Caravan', 4),
(605, 2004, 18, 'off Pelee Island', 1, 'Cessna 208B Grand Caravan', 4),
(606, 1986, 9, 'VIC', 1, 'Cessna 402', 1),
(607, 2001, 25, 'Bahamas', 1, 'Cessna 402B', 1),
(608, 2005, 14, 'California', 43, 'Cessna P210N', 1),
(609, 1973, 15, 'Arkansas', 3, 'Convair 600', 1),
(610, 1957, 10, 'California', 43, 'Convair CV-240', 2),
(611, 1959, 17, 'Jordan', 1, 'Convair CV-240-2', 1),
(612, 1955, 11, 'Iowa', 8, 'Convair CV-340', 1),
(613, 1955, 11, 'Illinois', 14, 'Convair CV-340-32', 1),
(614, 1962, 17, 'Connecticut', 4, 'Convair CV-340/440', 1),
(615, 1967, 18, 'Ohio', 9, 'Convair CV-380', 1),
(616, 1974, 11, 'California', 43, 'Convair CV-440', 1),
(617, 1971, 12, 'Connecticut', 4, 'Convair CV-580', 7),
(618, 1989, 21, 'Denmark', 1, 'Convair CV-580', 7),
(619, 1968, 17, 'Illinois', 14, 'Convair CV-580', 7),
(620, 1968, 17, 'Pennsylvania', 14, 'Convair CV-580', 7),
(621, 1969, 14, 'Pennsylvania', 14, 'Convair CV-580', 7),
(622, 2003, 20, 'New Zealand', 6, 'Convair CV-580F', 1),
(623, 1969, 14, 'Canada', 13, 'Convair CV-640', 1),
(624, 1972, 17, 'Illinois', 14, 'Convair CV-880 / McDonnell DC-9-31', 1),
(625, 1967, 18, 'Covington/Hebron', 2, 'Convair CV-880-22-1', 1),
(626, 1972, 17, 'Vietnam', 3, 'Convair CV-880-22M-21', 1),
(627, 1970, 13, 'Switzerland', 5, 'Convair CV-990-30A-6', 1),
(628, 1951, 12, 'Alaska', 26, 'Curtiss C 46F-CU', 1),
(629, 1960, 17, 'Colombia', 12, 'Curtiss C-46', 3),
(630, 1960, 17, 'Colombia', 12, 'Curtiss C-46', 3),
(631, 1949, 6, 'California', 43, 'Curtiss C-46E-1-CS', 1),
(632, 1952, 7, 'California', 43, 'Curtiss C-46F-1CU', 1),
(633, 1999, 28, 'Cape Verde Islands', 1, 'Dornier 228-201', 2),
(634, 1997, 25, 'Malaysia', 1, 'Dornier 228-212', 1),
(635, 1997, 25, 'Taiwan', 9, 'Dornier DO-228-212', 1),
(636, 1962, 17, 'Colombia', 12, 'Douglas C-47', 2),
(637, 1965, 18, 'Colombia', 12, 'Douglas C-47', 2),
(638, 1966, 18, 'Colombia', 12, 'Douglas C-47A-80-DL', 1),
(639, 1965, 18, 'Utah', 9, 'Douglas C-53-DO (DC-3A)', 1),
(640, 1946, 13, 'California', 43, 'Douglas C-53D-DO (DC-3)', 1),
(641, 1955, 11, 'Washingon', 1, 'Douglas C-54', 1),
(642, 1947, 11, 'Queens', 2, 'Douglas C-54B', 3),
(643, 1949, 6, 'Virginia', 11, 'Douglas C-54B / P-38', 1),
(644, 1938, 6, 'California', 43, 'Douglas DC 3-A-SB-3-G-14', 1),
(645, 1938, 6, 'Cailifornia', 1, 'Douglas DC-2-112', 6),
(646, 1935, 3, 'Missouri', 9, 'Douglas DC-2-112', 6),
(647, 1936, 5, 'Pennsylvania', 14, 'Douglas DC-2-112', 6),
(648, 1936, 5, 'Arkansas', 3, 'Douglas DC-2-120', 1),
(649, 1955, 11, 'Zimbabwe', 1, 'Douglas DC-3', 53),
(650, 1963, 17, 'Aaland Island', 1, 'Douglas DC-3', 53),
(651, 1946, 13, 'Alabama', 5, 'Douglas DC-3', 53),
(652, 1950, 7, 'British Columbia', 8, 'Douglas DC-3', 53),
(653, 1944, 4, 'California', 43, 'Douglas DC-3', 53),
(654, 1945, 9, 'California', 43, 'Douglas DC-3', 53),
(655, 1961, 14, 'Chile', 4, 'Douglas DC-3', 53),
(656, 1958, 9, 'Ecuador', 4, 'Douglas DC-3', 53),
(657, 1961, 14, 'Finland', 1, 'Douglas DC-3', 53),
(658, 1959, 17, 'Greece', 5, 'Douglas DC-3', 53),
(659, 1951, 12, 'Indiana', 5, 'Douglas DC-3', 53),
(660, 1943, 6, 'Kentucky', 2, 'Douglas DC-3', 53),
(661, 1957, 10, 'Massachusett', 3, 'Douglas DC-3', 53),
(662, 1950, 7, 'New York', 32, 'Douglas DC-3', 53),
(663, 1963, 17, 'New Zealand', 6, 'Douglas DC-3', 53),
(664, 1941, 5, 'Ontario', 3, 'Douglas DC-3', 53),
(665, 1954, 8, 'Pennsylvania', 14, 'Douglas DC-3', 53),
(666, 1960, 17, 'Philippines', 16, 'Douglas DC-3', 53),
(667, 1963, 17, 'Philippines', 16, 'Douglas DC-3', 53),
(668, 1965, 18, 'Philippines', 16, 'Douglas DC-3', 53),
(669, 1966, 18, 'Philippines', 16, 'Douglas DC-3', 53),
(670, 1945, 9, 'South Carolina', 2, 'Douglas DC-3', 53),
(671, 1944, 4, 'Tennessee', 4, 'Douglas DC-3', 53),
(672, 1967, 18, 'Thailand', 10, 'Douglas DC-3', 53),
(673, 1940, 3, 'Virginia', 11, 'Douglas DC-3', 53),
(674, 1947, 11, 'Virginia', 11, 'Douglas DC-3', 53),
(675, 1945, 9, 'West Virginia', 5, 'Douglas DC-3', 53),
(676, 1970, 13, 'Western Samoa', 1, 'Douglas DC-3', 53),
(677, 1951, 12, 'near Santa Barbara', 1, 'Douglas DC-3', 53),
(678, 1946, 13, 'Indiana', 5, 'Douglas DC-3 (C-50A-DO)', 1),
(679, 1942, 6, 'California', 43, 'Douglas DC-3 / Boeing B-34', 1),
(680, 1945, 9, 'South Carolina', 2, 'Douglas DC-3-201C /  Army A-26', 1),
(681, 1948, 7, 'Maryland', 6, 'Douglas DC-3-201F', 1),
(682, 1946, 13, 'California', 43, 'Douglas DC-3-227B', 1),
(683, 1941, 5, 'Missouri', 9, 'Douglas DC-3-3', 1),
(684, 1942, 6, 'Montana', 8, 'Douglas DC-3-A-269', 1),
(685, 1937, 6, 'California', 43, 'Douglas DC-3A', 5),
(686, 1940, 3, 'Illinois', 14, 'Douglas DC-3A', 5),
(687, 1965, 18, 'Phillipines', 1, 'Douglas DC-3A', 5),
(688, 1964, 14, 'Montana', 8, 'Douglas DC-3C', 2),
(689, 1969, 14, 'Taiwan', 9, 'Douglas DC-3D', 1),
(690, 1952, 7, 'BC', 1, 'Douglas DC-4', 8),
(691, 1947, 11, 'Texas', 13, 'Douglas DC-4', 8),
(692, 1946, 13, 'Wyoming', 8, 'Douglas DC-4', 8),
(693, 1947, 11, 'Virginia', 11, 'Douglas DC-4 (C-54-DO)', 1),
(694, 1951, 12, 'Pennsylvania', 14, 'Douglas DC-4-1009', 2),
(695, 1953, 11, 'Alabama', 5, 'Douglas DC-6', 5),
(696, 1947, 11, 'Utah', 9, 'Douglas DC-6', 5),
(697, 1996, 20, 'Alaska', 26, 'Douglas DC-6A', 4),
(698, 1957, 10, 'New York', 32, 'Douglas DC-6A', 4),
(699, 1960, 17, 'Guam', 3, 'Douglas DC-6AB', 1),
(700, 1956, 10, 'Alaska', 26, 'Douglas DC-6B', 11),
(701, 1951, 12, 'California', 43, 'Douglas DC-6B', 11),
(702, 1955, 11, 'Colorado', 11, 'Douglas DC-6B', 11),
(703, 1954, 8, 'New York', 32, 'Douglas DC-6B', 11),
(704, 1960, 17, 'North Carolina', 7, 'Douglas DC-6B', 11),
(705, 1979, 12, 'Oregon', 3, 'Douglas DC-7', 1),
(706, 1958, 9, '10 miles SW of Las Vegas', 1, 'Douglas DC-7 / F-100F', 1),
(707, 1962, 17, 'Cameroon', 2, 'Douglas DC-7C', 2),
(708, 1960, 17, 'Philippines', 16, 'Douglas DC-7C', 2),
(709, 1943, 6, 'Tennessee', 4, 'Douglas DC3-G102', 1),
(710, 2008, 9, 'Mexico', 7, 'Douglas DC9-15F', 1),
(711, 1942, 6, 'Utah', 9, 'Douglas DST-A-207A', 2),
(712, 1999, 28, 'Fiji', 1, 'Embraer 110P1 Bandeirante', 5),
(713, 1986, 9, 'Michigan', 10, 'Embraer 110P1 Bandeirante', 5),
(714, 1995, 19, 'GA', 1, 'Embraer 120-RT Brasilia', 1),
(715, 1991, 13, 'Texas', 13, 'Embraer 120RT Brasilia', 2),
(716, 1964, 14, 'California', 43, 'Fairchild F-27A', 2),
(717, 1982, 12, 'Chile', 4, 'Fairchild F-27J', 1),
(718, 1988, 18, 'France', 17, 'Fairchild FH-227B', 2),
(719, 1989, 21, 'France', 17, 'Fairchild FH-227B', 2),
(720, 1969, 14, 'Glen Falls', 1, 'Fairchild-Hiller FH-227B', 3),
(721, 1968, 17, 'West Virginia', 5, 'Fairchild-Hiller FH-227B', 3),
(722, 1996, 20, 'Brazil', 12, 'Fokker 100', 4),
(723, 1997, 25, 'Brazil', 12, 'Fokker 100', 4),
(724, 2007, 10, 'France', 17, 'Fokker 100', 4),
(725, 2003, 20, 'Peru', 8, 'Fokker 28 Fellowship 1000', 1),
(726, 1995, 19, 'Malaysia', 1, 'Fokker 50', 2),
(727, 1967, 18, 'Philippines', 16, 'Fokker F-27 Friendship 100', 2),
(728, 1997, 25, 'Indonesia', 18, 'Fokker F-27 Friendship 600', 4),
(729, 1998, 20, 'Myanmar', 2, 'Fokker F-27 Friendship 600', 4),
(730, 1979, 12, 'Indonesia', 18, 'Fokker F-28 Fellowship 1000', 3),
(731, 1989, 21, 'Ontario', 3, 'Fokker F-28 Fellowship 1000', 3),
(732, 1992, 16, 'New York', 32, 'Fokker F-28 Fellowship 4000', 2),
(733, 2004, 18, 'United Arab Emirates', 3, 'Fokker F-50', 1),
(734, 1931, 1, 'Kansas', 1, 'Fokker F10A Trimotor', 1),
(735, 1991, 13, 'Great Inagua', 1, 'GAF Nomad N24A', 1),
(736, 1970, 13, 'Michigan', 10, 'Gates Learjet 23', 1),
(737, 2001, 25, 'Colorado', 11, 'Grummand Gulfstream III', 1),
(738, 1965, 18, 'Canada', 13, 'Handley Page HPR-7 Herald 211', 1),
(739, 1980, 7, 'Thailand', 10, 'Hawker Siddeley HS-748-2', 1),
(740, 1993, 15, 'Canada', 13, 'Hawker Siddeley HS-748-234 Srs. 2A', 1),
(741, 1972, 17, 'Staines', 1, 'Hawker Siddeley Trident 1C', 1),
(742, 1967, 18, 'Newfoundland', 4, 'Ilyushin IL-18', 2),
(743, 1971, 12, 'Switzerland', 5, 'Ilyushin IL-18', 2),
(744, 1966, 18, 'Czechoslovakia', 2, 'Ilyushin IL-18B', 1),
(745, 1962, 17, 'France', 17, 'Ilyushin IL-18D', 2),
(746, 1988, 18, 'Sichuan', 1, 'Ilyushin IL-18D', 2),
(747, 1973, 15, 'Russia', 25, 'Ilyushin IL-18V', 1),
(748, 1980, 7, 'Poland', 3, 'Ilyushin IL-62', 2),
(749, 1975, 5, 'Syria', 2, 'Ilyushin IL-62', 2),
(750, 1987, 12, 'Poland', 3, 'Ilyushin IL-62M', 1),
(751, 1957, 10, 'Russia', 25, 'Ilyushin P-14', 1),
(752, 2002, 24, 'Kenya', 3, 'Let 410UVP-E20', 1),
(753, 2003, 20, 'Haiti', 1, 'Let 420UVP-E', 1),
(754, 2006, 11, 'Brazil', 12, 'Let L410UVP-E20', 1),
(755, 1959, 17, 'New York', 32, 'Lockheed  188A Electra', 1),
(756, 1946, 13, 'Ireland', 4, 'Lockheed 049 Consellation', 1),
(757, 1961, 14, 'Illinois', 14, 'Lockheed 049 Constellation', 4),
(758, 1951, 12, 'Liberia', 2, 'Lockheed 049 Constellation', 4),
(759, 1964, 14, 'Nevada', 5, 'Lockheed 049 Constellation', 4),
(760, 1947, 11, 'Syria', 2, 'Lockheed 049-46-21 Constellation', 1),
(761, 1962, 17, 'Alaska', 26, 'Lockheed 1049H Super Constellation', 4),
(762, 1962, 17, 'Philippine Sea', 1, 'Lockheed 1049H Super Constellation', 4),
(763, 1961, 14, 'Algeria', 3, 'Lockheed 1649A Starliner', 2),
(764, 1959, 17, 'Lombardia', 1, 'Lockheed 1649A Starliner', 2),
(765, 1947, 11, 'British Columbia', 8, 'Lockheed 18 Loadstar', 1),
(766, 1945, 9, 'Florida', 12, 'Lockheed 18 Lodestar', 1),
(767, 1960, 17, 'Massachusett', 3, 'Lockheed 188A Electra', 4),
(768, 1959, 17, 'Texas', 13, 'Lockheed 188A Electra', 4),
(769, 1961, 14, 'Illinois', 14, 'Lockheed 188C  Electra', 1),
(770, 1950, 7, 'France', 17, 'Lockheed 749 Constellation', 1),
(771, 1956, 10, 'Venezuela', 8, 'Lockheed 749-79-34 Constellation', 1),
(772, 1953, 11, 'New York', 32, 'Lockheed 749A Constellation', 3),
(773, 1960, 17, 'Alaska', 26, 'Lockheed 749A-79-32 Constellation', 1),
(774, 1961, 14, 'Virginia', 11, 'Lockheed C-69 Constellation', 2),
(775, 1959, 17, 'West Virginia', 5, 'Lockheed C-69 Constellation', 2),
(776, 1986, 9, 'Texas', 13, 'Lockheed L-100-30 Hercules', 2),
(777, 1983, 11, 'FL - Nassau', 1, 'Lockheed L-1011', 2),
(778, 1992, 16, 'New York', 32, 'Lockheed L-1011', 2),
(779, 1985, 16, 'Texas', 13, 'Lockheed L-1011-1 TriStar', 1),
(780, 1959, 17, 'Illinois', 14, 'Lockheed L-1049H Super Constellation', 1),
(781, 2002, 24, 'Puerto Rico', 5, 'Lockheed MC-130H Hercules', 1),
(782, 1998, 20, 'Angola', 1, 'Lockheed Martin L-100-30 Hercules', 1),
(783, 1960, 17, 'New York', 32, 'MD DC-8-11 / Lockheed  1049 S Const', 1),
(784, 1967, 18, 'Ohio', 9, 'MD Douglas DC-9-15 / Beechcraft Baron-55', 1),
(785, 1986, 9, 'California', 43, 'MD Douglas DC-9-32 / Piper PA-28-181', 1),
(786, 1973, 15, 'France', 17, 'MD Douglas DC-9-32/Convair CV-990A', 1),
(787, 2002, 24, 'Philippines', 16, 'MH-47 Chinook helicopter', 1),
(788, 1951, 12, 'Arazona', 1, 'Martin 202', 6),
(789, 1948, 7, 'Minnesota', 6, 'Martin 202', 6),
(790, 1959, 17, 'Pennsylvania', 14, 'Martin 202', 6),
(791, 1951, 12, 'Washington', 11, 'Martin 202', 6),
(792, 1970, 13, 'Georgia', 6, 'Martin 404', 5),
(793, 1970, 13, 'near Silver Plume', 1, 'Martin 404', 5),
(794, 1945, 9, 'Trinidad', 1, 'Martin M-130 (flying boat)', 3),
(795, 2005, 14, 'Nigeria', 7, 'McDonnell DC-9-32', 1),
(796, 1973, 15, 'New Mexico', 1, 'McDonnell Douglas DC-10-10', 6),
(797, 1974, 11, 'France', 17, 'McDonnell Douglas DC-10-10', 6),
(798, 1979, 12, 'Illinois', 14, 'McDonnell Douglas DC-10-10', 6),
(799, 1989, 21, 'Iowa', 8, 'McDonnell Douglas DC-10-10', 6),
(800, 1979, 12, 'Mexico', 7, 'McDonnell Douglas DC-10-10', 6),
(801, 1996, 20, 'Japan', 10, 'McDonnell Douglas DC-10-30', 6),
(802, 1989, 21, 'Niger', 1, 'McDonnell Douglas DC-10-30', 6),
(803, 1979, 12, 'Ross Ice Shelf', 1, 'McDonnell Douglas DC-10-30', 6),
(804, 1982, 12, 'Boston', 1, 'McDonnell Douglas DC-10-30CF', 3),
(805, 1991, 13, 'Saudi Arabia', 3, 'McDonnell Douglas DC-8 Super 61', 1),
(806, 1967, 18, 'Liberia', 2, 'McDonnell Douglas DC-8-33', 1),
(807, 1962, 17, 'Maharashtra', 3, 'McDonnell Douglas DC-8-43', 4),
(808, 1972, 17, 'India', 8, 'McDonnell Douglas DC-8-53', 2),
(809, 1961, 14, 'Portugal', 2, 'McDonnell Douglas DC-8-53', 2),
(810, 1983, 11, 'Michigan', 10, 'McDonnell Douglas DC-8-54F37', 1),
(811, 1978, 11, 'Oregon', 3, 'McDonnell Douglas DC-8-61', 3),
(812, 1969, 14, 'California', 43, 'McDonnell Douglas DC-8-62', 3),
(813, 1970, 13, 'New York', 32, 'McDonnell Douglas DC-8-63CF', 2),
(814, 1992, 16, 'Ohio', 9, 'McDonnell Douglas DC-8-63F', 2),
(815, 1984, 5, 'Ecuador', 4, 'McDonnell Douglas DC-8F-55', 1),
(816, 1995, 19, 'Colombia', 12, 'McDonnell Douglas DC-9-14', 5),
(817, 1966, 18, 'Oregon', 3, 'McDonnell Douglas DC-9-14', 5),
(818, 1980, 7, 'off Ustica', 1, 'McDonnell Douglas DC-9-15', 1),
(819, 1994, 21, 'North Carolina', 7, 'McDonnell Douglas DC-9-30', 1),
(820, 1973, 15, 'Boston', 1, 'McDonnell Douglas DC-9-31', 6),
(821, 1977, 7, 'Georgia', 6, 'McDonnell Douglas DC-9-31', 6),
(822, 1999, 28, 'Mexico', 7, 'McDonnell Douglas DC-9-31', 6),
(823, 2000, 25, 'Mexico', 7, 'McDonnell Douglas DC-9-31', 6),
(824, 1970, 13, 'West Virginia', 5, 'McDonnell Douglas DC-9-31', 6),
(825, 1971, 12, 'California', 43, 'McDonnell Douglas DC-9-31 / F4-B', 1),
(826, 1978, 11, 'Canada', 13, 'McDonnell Douglas DC-9-32', 12),
(827, 1995, 19, 'Georgia', 6, 'McDonnell Douglas DC-9-32', 12),
(828, 1987, 12, 'Indonesia', 18, 'McDonnell Douglas DC-9-32', 12),
(829, 1996, 20, 'Miami', 1, 'McDonnell Douglas DC-9-32', 12),
(830, 1990, 14, 'Switzerland', 5, 'McDonnell Douglas DC-9-32', 12),
(831, 1991, 13, 'Venezuela', 8, 'McDonnell Douglas DC-9-32', 12),
(832, 1969, 14, 'Zulia', 1, 'McDonnell Douglas DC-9-32', 12),
(833, 1970, 13, 'US Virgin Islands', 1, 'McDonnell Douglas DC-9-33CF', 1),
(834, 1993, 15, 'Alaska', 26, 'McDonnell Douglas MD-11', 4),
(835, 2009, 6, 'Japan', 10, 'McDonnell Douglas MD-11', 4),
(836, 1981, 6, 'near Ajaccio', 1, 'McDonnell Douglas MD-81', 1),
(837, 1993, 15, 'China', 12, 'McDonnell Douglas MD-82', 8),
(838, 2002, 24, 'China', 12, 'McDonnell Douglas MD-82', 8),
(839, 1994, 21, 'New York', 32, 'McDonnell Douglas MD-82', 8),
(840, 2007, 10, 'Thailand', 10, 'McDonnell Douglas MD-82', 8),
(841, 2000, 25, 'California', 43, 'McDonnell Douglas MD-83', 2),
(842, 2007, 10, 'Turkey', 8, 'McDonnell Douglas MD-83', 2),
(843, 1979, 12, 'West Virginia', 5, 'Nord 262', 1),
(844, 2009, 6, 'Indonesia', 18, 'Pilatus PC-6', 1),
(845, 1963, 17, 'Tennesee', 3, 'Piper PA-24-250 Comanche', 1),
(846, 1999, 28, 'Sweden', 2, 'Piper PA-31-350', 2),
(847, 2000, 25, 'Australia', 2, 'Piper PA-31-350 Navajo', 4),
(848, 2003, 20, 'New Zealand', 6, 'Piper PA-31-350 Navajo Chieftain', 4),
(849, 1999, 28, 'Massachusetts', 6, 'Piper PA-32-R301 Saratoga II HP', 1),
(850, 1994, 21, 'Netherlands', 4, 'Saab 340B', 2),
(851, 2000, 25, 'France', 17, 'Shorts 330-200', 1),
(852, 2001, 25, 'Scotland', 3, 'Shorts 360-100', 1),
(853, 1944, 4, 'Cuba', 4, 'Sikorsky S-42 (flying boat)', 2),
(854, 1941, 5, 'Puerto Rico', 5, 'Sikorsky S-42B (flying boat)', 1),
(855, 1945, 9, 'Martinique', 1, 'Sikorsky S-43 (flying boat)', 1),
(856, 2002, 24, 'Norfork', 1, 'Sikorsky S-76A', 1),
(857, 1942, 6, 'Newfoundland', 4, 'Sirkorsky 44A (flying boat)', 1),
(858, 1935, 3, 'Texas', 13, 'Stinson Model A', 1),
(859, 1983, 11, 'Ecuador', 4, 'Sud Aviation SE-210 Caravelle VIR', 1),
(860, 1968, 17, 'France', 17, 'Sud-Aviation Caravelle 3', 1),
(861, 1961, 14, 'Morrocco', 1, 'Sud-Aviation Caravelle III', 2),
(862, 1980, 7, 'Nebraska', 2, 'Swearingen 226TC Metro II', 1),
(863, 1998, 20, 'Canada', 13, 'Swearingen SA-226TC Metroliner II', 1),
(864, 1988, 18, 'Colorado', 11, 'Swearingen SA.227AC Metro', 1),
(865, 1988, 18, 'Germany', 4, 'Swearingen SA.227AC Metro III', 2),
(866, 2002, 24, 'Spain', 11, 'Swearingen SA.227AC Metro III', 2),
(867, 2007, 10, 'Russia', 25, 'Tupelov 134AK', 1),
(868, 1973, 15, 'Russia', 25, 'Tupolev TU-104B', 1),
(869, 1997, 25, 'Cambodia', 2, 'Tupolev TU-134', 1),
(870, 1988, 18, 'Thailand', 10, 'Tupolev TU-134A', 3),
(871, 1979, 12, 'Ukraine', 2, 'Tupolev TU-134A / Tupolev Tu-134A', 1),
(872, 1997, 25, 'United Arab Emirates', 3, 'Tupolev TU-154', 3),
(873, 1984, 5, 'Russia', 25, 'Tupolev TU-154B', 3),
(874, 1996, 20, 'Norway', 4, 'Tupolev TU-154M', 5),
(875, 1994, 21, 'Siberia', 1, 'Tupolev TU-154M', 5);
INSERT INTO `output` (`ID`, `date`, `crashesInYear`, `location`, `crashesInPlace`, `type`, `failureRate`) VALUES
(876, 2002, 24, 'Germany', 4, 'Tupolev TU-154M / Boeing B-757-23APF', 1),
(877, 2001, 25, 'Russia', 25, 'Tupolev Tu-154M', 2),
(878, 1989, 21, 'France', 17, 'Vickers 952F Vanguard', 1),
(879, 1971, 12, 'West Vlaanderen', 1, 'Vickers Vanguard 951', 1),
(880, 1956, 10, 'Michigan', 10, 'Vickers Viscount', 1),
(881, 1972, 17, 'Loire', 1, 'Vickers Viscount 724', 1),
(882, 1960, 17, 'Italy', 16, 'Vickers Viscount 739B', 1),
(883, 1959, 17, 'Maryland', 6, 'Vickers Viscount 745D', 5),
(884, 1958, 9, 'Michigan', 10, 'Vickers Viscount 745D', 5),
(885, 1964, 14, 'Tennesee', 3, 'Vickers Viscount 745D', 5),
(886, 1960, 17, 'Virginia', 11, 'Vickers Viscount 745D', 5),
(887, 1958, 9, 'Maryland', 6, 'Vickers Viscount 745D / T-33A', 1),
(888, 1963, 17, 'Turkey', 8, 'Vickers Viscount 754D', 1),
(889, 1978, 11, 'Rhodesia (Zimbabwe)', 1, 'Vickers Viscount 782D', 1),
(890, 1974, 11, 'Colombia', 1, 'Vickers Viscount 785D', 2),
(891, 1968, 17, 'Ireland', 4, 'Vickers Viscount 803', 1),
(892, 1963, 17, 'Missouri', 9, 'Vickers Viscount 812', 1),
(893, 2000, 25, 'China', 12, 'Xian Yunshuji Y-7-100C', 1),
(894, 1992, 16, 'Vietnam', 3, 'Yakovlev YAK-40', 3),
(895, 1982, 12, 'USSR', 1, 'Yakovlev YAK-42', 2),
(896, 1992, 16, 'Jiangsu', 1, 'Yakovlev YAK-42D', 3),
(897, 1975, 5, 'California', 43, 'de Hav Can. DHC-6 Tw Otter 100/ Cessna', 1),
(898, 1986, 9, 'Arizona', 3, 'de Havilland Can. DHC-6 -300/ Bell 206B', 1),
(899, 1977, 7, 'Alaska', 26, 'de Havilland Canada DHC-6 Twin Otter 200', 2),
(900, 1968, 17, 'California', 43, 'de Havilland Canada DHC-6 Twin Otter 200', 2),
(901, 1978, 11, 'Coloado', 1, 'de Havilland Canada DHC-6 Twin Otter 300', 13),
(902, 2007, 10, 'French Polynesia', 1, 'de Havilland Canada DHC-6 Twin Otter 300', 13),
(903, 1986, 9, 'Islay Island', 1, 'de Havilland Canada DHC-6 Twin Otter 300', 13),
(904, 1979, 12, 'Massachusetts', 6, 'de Havilland Canada DHC-6 Twin Otter 300', 13),
(905, 1999, 28, 'Newfoundland', 4, 'de Havilland Canada DHC-6 Twin Otter 300', 13),
(906, 1990, 14, 'Norway', 4, 'de Havilland Canada DHC-6 Twin Otter 300', 13),
(907, 1995, 19, 'New Zealand', 6, 'de Havilland Canada DHC-8-102', 1),
(908, 1963, 17, 'Maharashtra', 3, 'de Havilland Comet 4C', 2),
(909, 1962, 17, 'Thailand', 10, 'de Havilland Comet 4C', 2),
(910, 1979, 12, 'Virgin Islands', 3, 'de Havilland DH-114 Heron', 1),
(911, 1972, 17, 'Puerto Rico', 5, 'de Havilland DH-114 Heron 2B', 1),
(912, 1953, 11, 'West Bengal', 1, 'de Havilland DH106 Comet 1', 3),
(913, 1989, 21, 'Molokai', 1, 'de Havilland DHC-6 Twin Otter 300', 2),
(914, 1979, 12, 'Maine', 3, 'de Havilland DHC-6-200', 1),
(915, 1998, 20, 'British Columbia', 8, 'de Havilland Dash-2 Beaver', 1);

--
-- Indexes for dumped tables
--

--
-- Indexes for table `output`
--
ALTER TABLE `output`
  ADD PRIMARY KEY (`ID`);

--
-- AUTO_INCREMENT for dumped tables
--

--
-- AUTO_INCREMENT for table `output`
--
ALTER TABLE `output`
  MODIFY `ID` int(11) NOT NULL AUTO_INCREMENT, AUTO_INCREMENT=916;
COMMIT;

/*!40101 SET CHARACTER_SET_CLIENT=@OLD_CHARACTER_SET_CLIENT */;
/*!40101 SET CHARACTER_SET_RESULTS=@OLD_CHARACTER_SET_RESULTS */;
/*!40101 SET COLLATION_CONNECTION=@OLD_COLLATION_CONNECTION */;
